"municipality_code","city","designation","city_resolution_status","city_mapping_flags","representative_postal_code","representative_postal_area","representative_dso_candidate_count","raw_dso_name_from_feed","canonical_operator_name","mapping_basis","monthly_fixed_fee_eur_vat_incl","energy_charge_cents_kwh_vat_incl_excl_electricity_tax","electricity_tax_included","tariff_name","power_charge_eur_kw_month","tariff_snapshot_created_at","comparison_published_at","tariff_status","price_available","tariff_source_url","comparison_source_url","city_source_url","postal_area_source_url","dso_feed_source_url","observed_municipality_dso_names","notes"
"005","Alajärvi","kaupunki","unresolved","representative_postal_code_multiple_dso_matches; municipality_has_multiple_centre_postal_areas; municipality_postal_areas_map_to_multiple_dsos","62900","Alajärvi Keskus","2","Alajärven Sähkö Oy","Alajärven Sähkö Oy","exact_feed_name_to_snapshot_name","14.03","5.51","no","Yleissiirto / general-transfer (comparison basis)","","2026-05-04","2026-05-06","snapshot_later_tariff_differs","yes","https://www.alajarvensahko.fi/hinnastomme/","https://www.sttinfo.fi/files/67340313/72011769/375325/fi","https://www.kuntaliitto.fi/kunnat/alajarvi","https://geo.stat.fi/geoserver/postialue/wfs?service=WFS&version=2.0.0&request=GetFeature&typeNames=postialue:pno_2026&outputFormat=application/json&count=5000&propertyName=posti_alue,nimi,kunta,pinta_ala","https://ev-shv-prod-app-wa-consumerapi1.azurewebsites.net/api/getdsocollection","Alajärven Sähkö Oy; Elenia Oy; Lehtimäen Sähkö Oy","City mapping: representative_postal_code_multiple_dso_matches; municipality_has_multiple_centre_postal_areas; municipality_postal_areas_map_to_multiple_dsos Tariff note: Snapshot value retained. Official page currently shows a later 1.8.2026 tariff of 15.15 €/month and 5.95 c/kWh. Later tariff differs."
"005","Alajärvi","kaupunki","unresolved","representative_postal_code_multiple_dso_matches; municipality_has_multiple_centre_postal_areas; municipality_postal_areas_map_to_multiple_dsos","62900","Alajärvi Keskus","2","Lehtimäen Sähkö Oy","Lehtimäen Sähkö Oy","exact_feed_name_to_snapshot_name","18.92","5.30","no","Yleissiirto / general-transfer (comparison basis)","","2026-05-04","2026-05-06","official_source_not_found","yes","https://www.lehtimaensahko.fi/palvelut/liittymis-ja-myyntiehdot/","https://www.sttinfo.fi/files/67340313/72011769/375325/fi","https://www.kuntaliitto.fi/kunnat/alajarvi","https://geo.stat.fi/geoserver/postialue/wfs?service=WFS&version=2.0.0&request=GetFeature&typeNames=postialue:pno_2026&outputFormat=application/json&count=5000&propertyName=posti_alue,nimi,kunta,pinta_ala","https://ev-shv-prod-app-wa-consumerapi1.azurewebsites.net/api/getdsocollection","Alajärven Sähkö Oy; Elenia Oy; Lehtimäen Sähkö Oy","City mapping: representative_postal_code_multiple_dso_matches; municipality_has_multiple_centre_postal_areas; municipality_postal_areas_map_to_multiple_dsos Tariff note: Official operator site located, but no public official 2026 tariff row was found in this pass. Official tariff not found."
"010","Alavus","kaupunki","unresolved","representative_postal_code_multiple_dso_matches; municipality_has_multiple_centre_postal_areas; municipality_postal_areas_map_to_multiple_dsos","63300","Alavus Keskus","2","Caruna Oy","Caruna Oy","exact_feed_name_to_snapshot_name","29.71","5.26","no","Yleissiirto / general-transfer (comparison basis)","","2026-05-04","2026-05-06","matched","yes","https://caruna.fi/hinnasto","https://www.sttinfo.fi/files/67340313/72011769/375325/fi","https://www.kuntaliitto.fi/kunnat/alavus","https://geo.stat.fi/geoserver/postialue/wfs?service=WFS&version=2.0.0&request=GetFeature&typeNames=postialue:pno_2026&outputFormat=application/json&count=5000&propertyName=posti_alue,nimi,kunta,pinta_ala","https://ev-shv-prod-app-wa-consumerapi1.azurewebsites.net/api/getdsocollection","Caruna Oy; Koillis-Satakunnan Sähkö Oy; Lehtimäen Sähkö Oy","City mapping: representative_postal_code_multiple_dso_matches; municipality_has_multiple_centre_postal_areas; municipality_postal_areas_map_to_multiple_dsos Tariff note: Official page links the 1.1.2026 Caruna Oy tariff. Matched."
"010","Alavus","kaupunki","unresolved","representative_postal_code_multiple_dso_matches; municipality_has_multiple_centre_postal_areas; municipality_postal_areas_map_to_multiple_dsos","63300","Alavus Keskus","2","Koillis-Satakunnan Sähkö Oy","Koillis-Satakunnan Sähkö Oy","exact_feed_name_to_snapshot_name","21.12","5.12","no","Yleissiirto / general-transfer (comparison basis)","","2026-05-04","2026-05-06","matched","yes","https://ksat.fi/wp-content/uploads/2025/11/Toimitushinnasto-verkkopalvelu-1.1.2026.pdf","https://www.sttinfo.fi/files/67340313/72011769/375325/fi","https://www.kuntaliitto.fi/kunnat/alavus","https://geo.stat.fi/geoserver/postialue/wfs?service=WFS&version=2.0.0&request=GetFeature&typeNames=postialue:pno_2026&outputFormat=application/json&count=5000&propertyName=posti_alue,nimi,kunta,pinta_ala","https://ev-shv-prod-app-wa-consumerapi1.azurewebsites.net/api/getdsocollection","Caruna Oy; Koillis-Satakunnan Sähkö Oy; Lehtimäen Sähkö Oy","City mapping: representative_postal_code_multiple_dso_matches; municipality_has_multiple_centre_postal_areas; municipality_postal_areas_map_to_multiple_dsos Tariff note: Official 1.1.2026 tariff, VAT 25.5%, matching 3x25/1x35 general product. Matched."
"020","Akaa","kaupunki","unresolved","representative_postal_code_multiple_dso_matches; municipality_has_multiple_centre_postal_areas; municipality_postal_areas_map_to_multiple_dsos; postal_code_is_proxy_not_exact_centre","37800","Toijala keskus","2","Elenia Oy","Elenia Verkko Oyj","curated_alias_to_snapshot_name","22.79","5.89","no","Yleissiirto / general-transfer (comparison basis)","","2026-05-04","2026-05-06","matched","yes","https://www.elenia.fi/files/3368404e95e6e87870c3efd831994c0a6bf8b693/elenia-pienasiakkaat-hinnasto-4-2026-www-a4-fi-v2.pdf","https://www.sttinfo.fi/files/67340313/72011769/375325/fi","https://www.kuntaliitto.fi/kunnat/akaa","https://geo.stat.fi/geoserver/postialue/wfs?service=WFS&version=2.0.0&request=GetFeature&typeNames=postialue:pno_2026&outputFormat=application/json&count=5000&propertyName=posti_alue,nimi,kunta,pinta_ala","https://ev-shv-prod-app-wa-consumerapi1.azurewebsites.net/api/getdsocollection","Elenia Oy; Valkeakosken Energia Oy","City mapping: representative_postal_code_multiple_dso_matches; municipality_has_multiple_centre_postal_areas; municipality_postal_areas_map_to_multiple_dsos; postal_code_is_proxy_not_exact_centre Tariff note: 3x25 A grouped with smaller three-phase fuses; VAT 25.5%; electricity tax separate. Matched, 2026."
"020","Akaa","kaupunki","unresolved","representative_postal_code_multiple_dso_matches; municipality_has_multiple_centre_postal_areas; municipality_postal_areas_map_to_multiple_dsos; postal_code_is_proxy_not_exact_centre","37800","Toijala keskus","2","Valkeakosken Energia Oy","Valkeakosken Energia Oy","exact_feed_name_to_snapshot_name","11.95","4.11","no","Yleissiirto / general-transfer (comparison basis)","","2026-05-04","2026-05-06","official_source_not_found","yes","","https://www.sttinfo.fi/files/67340313/72011769/375325/fi","https://www.kuntaliitto.fi/kunnat/akaa","https://geo.stat.fi/geoserver/postialue/wfs?service=WFS&version=2.0.0&request=GetFeature&typeNames=postialue:pno_2026&outputFormat=application/json&count=5000&propertyName=posti_alue,nimi,kunta,pinta_ala","https://ev-shv-prod-app-wa-consumerapi1.azurewebsites.net/api/getdsocollection","Elenia Oy; Valkeakosken Energia Oy","City mapping: representative_postal_code_multiple_dso_matches; municipality_has_multiple_centre_postal_areas; municipality_postal_areas_map_to_multiple_dsos; postal_code_is_proxy_not_exact_centre Tariff note: No official tariff PDF/page was confirmed in this pass. Official tariff not found."
"049","Espoo","kaupunki","unresolved","representative_postal_code_multiple_dso_matches; municipality_postal_areas_map_to_multiple_dsos","02770","Espoon Keskus","2","Caruna Espoo Oy","Caruna Espoo Oy","exact_feed_name_to_snapshot_name","8.18","2.77","no","Yleissiirto / general-transfer (comparison basis)","","2026-05-04","2026-05-06","matched","yes","https://caruna.fi/hinnasto","https://www.sttinfo.fi/files/67340313/72011769/375325/fi","https://www.kuntaliitto.fi/kunnat/espoo","https://geo.stat.fi/geoserver/postialue/wfs?service=WFS&version=2.0.0&request=GetFeature&typeNames=postialue:pno_2026&outputFormat=application/json&count=5000&propertyName=posti_alue,nimi,kunta,pinta_ala","https://ev-shv-prod-app-wa-consumerapi1.azurewebsites.net/api/getdsocollection","Caruna Espoo Oy; Caruna Oy; Helen Sähköverkko Oy; Nurmijärven Sähköverkko Oy; Oulun Seudun Sähkö Verkkopalvelut Oy; Vantaan Energia Sähköverkot Oy","City mapping: representative_postal_code_multiple_dso_matches; municipality_postal_areas_map_to_multiple_dsos Tariff note: Official page links the 1.1.2026 Caruna Espoo Oy tariff. Matched."
"049","Espoo","kaupunki","unresolved","representative_postal_code_multiple_dso_matches; municipality_postal_areas_map_to_multiple_dsos","02770","Espoon Keskus","2","Vantaan Energia Sähköverkot Oy","Vantaan Energia Sähköverkot Oy","exact_feed_name_to_snapshot_name","6.00","3.30","no","Yleissiirto / general-transfer (comparison basis)","","2026-05-04","2026-05-06","unverified","yes","https://www.vantaanenergiasahkoverkot.fi/hinnastot/","https://www.sttinfo.fi/files/67340313/72011769/375325/fi","https://www.kuntaliitto.fi/kunnat/espoo","https://geo.stat.fi/geoserver/postialue/wfs?service=WFS&version=2.0.0&request=GetFeature&typeNames=postialue:pno_2026&outputFormat=application/json&count=5000&propertyName=posti_alue,nimi,kunta,pinta_ala","https://ev-shv-prod-app-wa-consumerapi1.azurewebsites.net/api/getdsocollection","Caruna Espoo Oy; Caruna Oy; Helen Sähköverkko Oy; Nurmijärven Sähköverkko Oy; Oulun Seudun Sähkö Verkkopalvelut Oy; Vantaan Energia Sähköverkot Oy","City mapping: representative_postal_code_multiple_dso_matches; municipality_postal_areas_map_to_multiple_dsos Tariff note: Official operator page link is recorded, but the exact 2026 3x25 A row was not extracted in this checkpoint. Unverified official match."
"061","Forssa","kaupunki","unresolved","representative_postal_code_multiple_dso_matches; municipality_postal_areas_map_to_multiple_dsos","30100","Forssa Keskus","4","Caruna Oy","Caruna Oy","exact_feed_name_to_snapshot_name","29.71","5.26","no","Yleissiirto / general-transfer (comparison basis)","","2026-05-04","2026-05-06","matched","yes","https://caruna.fi/hinnasto","https://www.sttinfo.fi/files/67340313/72011769/375325/fi","https://www.kuntaliitto.fi/kunnat/forssa","https://geo.stat.fi/geoserver/postialue/wfs?service=WFS&version=2.0.0&request=GetFeature&typeNames=postialue:pno_2026&outputFormat=application/json&count=5000&propertyName=posti_alue,nimi,kunta,pinta_ala","https://ev-shv-prod-app-wa-consumerapi1.azurewebsites.net/api/getdsocollection","Caruna Oy; Elenia Oy; Forssan Verkkopalvelut Oy; Seiverkot Oy","City mapping: representative_postal_code_multiple_dso_matches; municipality_postal_areas_map_to_multiple_dsos Tariff note: Official page links the 1.1.2026 Caruna Oy tariff. Matched."
"061","Forssa","kaupunki","unresolved","representative_postal_code_multiple_dso_matches; municipality_postal_areas_map_to_multiple_dsos","30100","Forssa Keskus","4","Elenia Oy","Elenia Verkko Oyj","curated_alias_to_snapshot_name","22.79","5.89","no","Yleissiirto / general-transfer (comparison basis)","","2026-05-04","2026-05-06","matched","yes","https://www.elenia.fi/files/3368404e95e6e87870c3efd831994c0a6bf8b693/elenia-pienasiakkaat-hinnasto-4-2026-www-a4-fi-v2.pdf","https://www.sttinfo.fi/files/67340313/72011769/375325/fi","https://www.kuntaliitto.fi/kunnat/forssa","https://geo.stat.fi/geoserver/postialue/wfs?service=WFS&version=2.0.0&request=GetFeature&typeNames=postialue:pno_2026&outputFormat=application/json&count=5000&propertyName=posti_alue,nimi,kunta,pinta_ala","https://ev-shv-prod-app-wa-consumerapi1.azurewebsites.net/api/getdsocollection","Caruna Oy; Elenia Oy; Forssan Verkkopalvelut Oy; Seiverkot Oy","City mapping: representative_postal_code_multiple_dso_matches; municipality_postal_areas_map_to_multiple_dsos Tariff note: 3x25 A grouped with smaller three-phase fuses; VAT 25.5%; electricity tax separate. Matched, 2026."
"061","Forssa","kaupunki","unresolved","representative_postal_code_multiple_dso_matches; municipality_postal_areas_map_to_multiple_dsos","30100","Forssa Keskus","4","Forssan Verkkopalvelut Oy","Forssan Verkkopalvelut Oy","exact_feed_name_to_snapshot_name","13.86","3.32","no","Yleissiirto / general-transfer (comparison basis)","","2026-05-04","2026-05-06","older_but_matching","yes","https://www.fvp.fi/hinnastot/siirtohinnasto/","https://www.sttinfo.fi/files/67340313/72011769/375325/fi","https://www.kuntaliitto.fi/kunnat/forssa","https://geo.stat.fi/geoserver/postialue/wfs?service=WFS&version=2.0.0&request=GetFeature&typeNames=postialue:pno_2026&outputFormat=application/json&count=5000&propertyName=posti_alue,nimi,kunta,pinta_ala","https://ev-shv-prod-app-wa-consumerapi1.azurewebsites.net/api/getdsocollection","Caruna Oy; Elenia Oy; Forssan Verkkopalvelut Oy; Seiverkot Oy","City mapping: representative_postal_code_multiple_dso_matches; municipality_postal_areas_map_to_multiple_dsos Tariff note: Official page shows `Perussiirto, 1-aika`, 3x25 A, VAT 25.5%; tariff effective 1.9.2024 and stated current on the page. Older but matching."
"061","Forssa","kaupunki","unresolved","representative_postal_code_multiple_dso_matches; municipality_postal_areas_map_to_multiple_dsos","30100","Forssa Keskus","4","Seiverkot Oy","Seiverkot Oy","exact_feed_name_to_snapshot_name","6.75","3.25","no","Yleissiirto / general-transfer (comparison basis)","","2026-05-04","2026-05-06","older_but_matching","yes","https://www.seiverkot.fi/hinnastot-ja-ehdot/verkkopalveluhinnastot/","https://www.sttinfo.fi/files/67340313/72011769/375325/fi","https://www.kuntaliitto.fi/kunnat/forssa","https://geo.stat.fi/geoserver/postialue/wfs?service=WFS&version=2.0.0&request=GetFeature&typeNames=postialue:pno_2026&outputFormat=application/json&count=5000&propertyName=posti_alue,nimi,kunta,pinta_ala","https://ev-shv-prod-app-wa-consumerapi1.azurewebsites.net/api/getdsocollection","Caruna Oy; Elenia Oy; Forssan Verkkopalvelut Oy; Seiverkot Oy","City mapping: representative_postal_code_multiple_dso_matches; municipality_postal_areas_map_to_multiple_dsos Tariff note: Official tariff effective 1.9.2024 remains published and matches; page states VAT included and taxes separate. Older but matching."
"069","Haapajärvi","kaupunki","resolved_representative_only","","85800","Haapajärvi Keskus","1","Elenia Oy","Elenia Verkko Oyj","curated_alias_to_snapshot_name","22.79","5.89","no","Yleissiirto / general-transfer (comparison basis)","","2026-05-04","2026-05-06","matched","yes","https://www.elenia.fi/files/3368404e95e6e87870c3efd831994c0a6bf8b693/elenia-pienasiakkaat-hinnasto-4-2026-www-a4-fi-v2.pdf","https://www.sttinfo.fi/files/67340313/72011769/375325/fi","https://www.kuntaliitto.fi/kunnat/haapajarvi","https://geo.stat.fi/geoserver/postialue/wfs?service=WFS&version=2.0.0&request=GetFeature&typeNames=postialue:pno_2026&outputFormat=application/json&count=5000&propertyName=posti_alue,nimi,kunta,pinta_ala","https://ev-shv-prod-app-wa-consumerapi1.azurewebsites.net/api/getdsocollection","Elenia Oy","Tariff note: 3x25 A grouped with smaller three-phase fuses; VAT 25.5%; electricity tax separate. Matched, 2026."
"071","Haapavesi","kaupunki","resolved_representative_only","","86600","Haapavesi Keskus","1","Elenia Oy","Elenia Verkko Oyj","curated_alias_to_snapshot_name","22.79","5.89","no","Yleissiirto / general-transfer (comparison basis)","","2026-05-04","2026-05-06","matched","yes","https://www.elenia.fi/files/3368404e95e6e87870c3efd831994c0a6bf8b693/elenia-pienasiakkaat-hinnasto-4-2026-www-a4-fi-v2.pdf","https://www.sttinfo.fi/files/67340313/72011769/375325/fi","https://www.kuntaliitto.fi/kunnat/haapavesi","https://geo.stat.fi/geoserver/postialue/wfs?service=WFS&version=2.0.0&request=GetFeature&typeNames=postialue:pno_2026&outputFormat=application/json&count=5000&propertyName=posti_alue,nimi,kunta,pinta_ala","https://ev-shv-prod-app-wa-consumerapi1.azurewebsites.net/api/getdsocollection","Elenia Oy","Tariff note: 3x25 A grouped with smaller three-phase fuses; VAT 25.5%; electricity tax separate. Matched, 2026."
"075","Hamina","kaupunki","unresolved","representative_postal_code_multiple_dso_matches; municipality_postal_areas_map_to_multiple_dsos","49400","Hamina Keskus","3","Haminan Energia Oy","Haminan Sähköverkko Oy","curated_alias_to_snapshot_name","21.34","3.06","no","Yleissiirto / general-transfer (comparison basis)","","2026-05-04","2026-05-06","matched","yes","https://haminanenergia.fi/wp-content/uploads/2026/04/Verkkopalveluhinnasto_01.04.2026.pdf","https://www.sttinfo.fi/files/67340313/72011769/375325/fi","https://www.kuntaliitto.fi/kunnat/hamina","https://geo.stat.fi/geoserver/postialue/wfs?service=WFS&version=2.0.0&request=GetFeature&typeNames=postialue:pno_2026&outputFormat=application/json&count=5000&propertyName=posti_alue,nimi,kunta,pinta_ala","https://ev-shv-prod-app-wa-consumerapi1.azurewebsites.net/api/getdsocollection","Haminan Energia Oy; KSS Verkko Oy; Kymenlaakson Sähköverkko Oy","City mapping: representative_postal_code_multiple_dso_matches; municipality_postal_areas_map_to_multiple_dsos Tariff note: Operator tariff is hosted by Haminan Energia Oy; 1.4.2026 tariff, VAT 25.5%, electricity tax separate. Matched."
"075","Hamina","kaupunki","unresolved","representative_postal_code_multiple_dso_matches; municipality_postal_areas_map_to_multiple_dsos","49400","Hamina Keskus","3","KSS Verkko Oy","KSS Verkko Oy","exact_feed_name_to_snapshot_name","13.40","4.09","no","Yleissiirto / general-transfer (comparison basis)","","2026-05-04","2026-05-06","older_but_matching","yes","https://assets.ctfassets.net/79vzmppdwnqd/N27nme764Yx3IAH3g4FCB/5b5d378f0ce7f3d1db8fe8cb7075f4ad/KSS_V_Verkkopalvelumaksut_1.1.2025_kk-hinnat.pdf","https://www.sttinfo.fi/files/67340313/72011769/375325/fi","https://www.kuntaliitto.fi/kunnat/hamina","https://geo.stat.fi/geoserver/postialue/wfs?service=WFS&version=2.0.0&request=GetFeature&typeNames=postialue:pno_2026&outputFormat=application/json&count=5000&propertyName=posti_alue,nimi,kunta,pinta_ala","https://ev-shv-prod-app-wa-consumerapi1.azurewebsites.net/api/getdsocollection","Haminan Energia Oy; KSS Verkko Oy; Kymenlaakson Sähköverkko Oy","City mapping: representative_postal_code_multiple_dso_matches; municipality_postal_areas_map_to_multiple_dsos Tariff note: Official 1.1.2025 tariff shows matching 3x25 A general values and separate tax. Older but matching."
"075","Hamina","kaupunki","unresolved","representative_postal_code_multiple_dso_matches; municipality_postal_areas_map_to_multiple_dsos","49400","Hamina Keskus","3","Kymenlaakson Sähköverkko Oy","Kymenlaakson Sähköverkko Oy","exact_feed_name_to_snapshot_name","23.87","2.85","no","Yleissiirto / general-transfer (comparison basis)","","2026-05-04","2026-05-06","snapshot_value","yes","https://www.ksoy.fi/hinnastot-ja-ehdot/pienasiakkaiden-verkkopalveluhinnasto/","https://www.sttinfo.fi/files/67340313/72011769/375325/fi","https://www.kuntaliitto.fi/kunnat/hamina","https://geo.stat.fi/geoserver/postialue/wfs?service=WFS&version=2.0.0&request=GetFeature&typeNames=postialue:pno_2026&outputFormat=application/json&count=5000&propertyName=posti_alue,nimi,kunta,pinta_ala","https://ev-shv-prod-app-wa-consumerapi1.azurewebsites.net/api/getdsocollection","Haminan Energia Oy; KSS Verkko Oy; Kymenlaakson Sähköverkko Oy","City mapping: representative_postal_code_multiple_dso_matches; municipality_postal_areas_map_to_multiple_dsos Tariff note: Official page shows 3x25/1x35 general fee and 2.845 c/kWh rounded to 2.85; the tariff archive references 1.11.2024. Older/unchanged but matching."
"078","Hanko","kaupunki","resolved_representative_only","","10900","Hanko Keskus","1","Caruna Oy","Caruna Oy","exact_feed_name_to_snapshot_name","29.71","5.26","no","Yleissiirto / general-transfer (comparison basis)","","2026-05-04","2026-05-06","matched","yes","https://caruna.fi/hinnasto","https://www.sttinfo.fi/files/67340313/72011769/375325/fi","https://www.kuntaliitto.fi/kunnat/hanko","https://geo.stat.fi/geoserver/postialue/wfs?service=WFS&version=2.0.0&request=GetFeature&typeNames=postialue:pno_2026&outputFormat=application/json&count=5000&propertyName=posti_alue,nimi,kunta,pinta_ala","https://ev-shv-prod-app-wa-consumerapi1.azurewebsites.net/api/getdsocollection","Caruna Oy","Tariff note: Official page links the 1.1.2026 Caruna Oy tariff. Matched."
"079","Harjavalta","kaupunki","unresolved","representative_postal_code_multiple_dso_matches; municipality_postal_areas_map_to_multiple_dsos","29200","Harjavalta Keskus","4","Caruna Oy","Caruna Oy","exact_feed_name_to_snapshot_name","29.71","5.26","no","Yleissiirto / general-transfer (comparison basis)","","2026-05-04","2026-05-06","matched","yes","https://caruna.fi/hinnasto","https://www.sttinfo.fi/files/67340313/72011769/375325/fi","https://www.kuntaliitto.fi/kunnat/harjavalta","https://geo.stat.fi/geoserver/postialue/wfs?service=WFS&version=2.0.0&request=GetFeature&typeNames=postialue:pno_2026&outputFormat=application/json&count=5000&propertyName=posti_alue,nimi,kunta,pinta_ala","https://ev-shv-prod-app-wa-consumerapi1.azurewebsites.net/api/getdsocollection","Caruna Oy; Kokemäen Sähkö Oy; Lammaisten Energia Oy; Paneliankosken Voima Oy","City mapping: representative_postal_code_multiple_dso_matches; municipality_postal_areas_map_to_multiple_dsos Tariff note: Official page links the 1.1.2026 Caruna Oy tariff. Matched."
"079","Harjavalta","kaupunki","unresolved","representative_postal_code_multiple_dso_matches; municipality_postal_areas_map_to_multiple_dsos","29200","Harjavalta Keskus","4","Kokemäen Sähkö Oy","Kokemäen Sähkö Oy","exact_feed_name_to_snapshot_name","23.23","5.11","no","Yleissiirto / general-transfer (comparison basis)","","2026-05-04","2026-05-06","older_but_matching","yes","https://kokemaensahko.fi/siirtohinnasto/","https://www.sttinfo.fi/files/67340313/72011769/375325/fi","https://www.kuntaliitto.fi/kunnat/harjavalta","https://geo.stat.fi/geoserver/postialue/wfs?service=WFS&version=2.0.0&request=GetFeature&typeNames=postialue:pno_2026&outputFormat=application/json&count=5000&propertyName=posti_alue,nimi,kunta,pinta_ala","https://ev-shv-prod-app-wa-consumerapi1.azurewebsites.net/api/getdsocollection","Caruna Oy; Kokemäen Sähkö Oy; Lammaisten Energia Oy; Paneliankosken Voima Oy","City mapping: representative_postal_code_multiple_dso_matches; municipality_postal_areas_map_to_multiple_dsos Tariff note: Official tariff effective 1.9.2024 onward matches and is stated VAT-inclusive; no newer 2026-labelled tariff located. Older but matching."
"079","Harjavalta","kaupunki","unresolved","representative_postal_code_multiple_dso_matches; municipality_postal_areas_map_to_multiple_dsos","29200","Harjavalta Keskus","4","Lammaisten Energia Oy","Lammaisten Energia Oy","exact_feed_name_to_snapshot_name","17.26","4.83","no","Yleissiirto / general-transfer (comparison basis)","","2026-05-04","2026-05-06","older_but_matching","yes","https://lammaistenenergia.fi/shared/files/Verkkopalveluhinnasto%201.9.2024.pdf","https://www.sttinfo.fi/files/67340313/72011769/375325/fi","https://www.kuntaliitto.fi/kunnat/harjavalta","https://geo.stat.fi/geoserver/postialue/wfs?service=WFS&version=2.0.0&request=GetFeature&typeNames=postialue:pno_2026&outputFormat=application/json&count=5000&propertyName=posti_alue,nimi,kunta,pinta_ala","https://ev-shv-prod-app-wa-consumerapi1.azurewebsites.net/api/getdsocollection","Caruna Oy; Kokemäen Sähkö Oy; Lammaisten Energia Oy; Paneliankosken Voima Oy","City mapping: representative_postal_code_multiple_dso_matches; municipality_postal_areas_map_to_multiple_dsos Tariff note: Official 1.9.2024 tariff matches; no newer 2026-labelled tariff located. Older but matching."
"079","Harjavalta","kaupunki","unresolved","representative_postal_code_multiple_dso_matches; municipality_postal_areas_map_to_multiple_dsos","29200","Harjavalta Keskus","4","Paneliankosken Voima Oy","Paneliankosken Voima Oy","exact_feed_name_to_snapshot_name","16.63","5.30","no","Yleissiirto / general-transfer (comparison basis)","","2026-05-04","2026-05-06","matched","yes","https://paneliankoskenvoima.fi/shared/files/pdf/Hinnastot/PKV_Verkkopalveluhinnasto.pdf","https://www.sttinfo.fi/files/67340313/72011769/375325/fi","https://www.kuntaliitto.fi/kunnat/harjavalta","https://geo.stat.fi/geoserver/postialue/wfs?service=WFS&version=2.0.0&request=GetFeature&typeNames=postialue:pno_2026&outputFormat=application/json&count=5000&propertyName=posti_alue,nimi,kunta,pinta_ala","https://ev-shv-prod-app-wa-consumerapi1.azurewebsites.net/api/getdsocollection","Caruna Oy; Kokemäen Sähkö Oy; Lammaisten Energia Oy; Paneliankosken Voima Oy","City mapping: representative_postal_code_multiple_dso_matches; municipality_postal_areas_map_to_multiple_dsos Tariff note: Official 1.4.2026 `Yleissähkö`, 3x25 A, VAT 25.5%; electricity tax separate. Matched."
"091","Helsinki","kaupunki","unresolved","representative_postal_code_multiple_dso_matches; municipality_postal_areas_map_to_multiple_dsos","00100","Helsinki keskusta - Etu-Töölö","3","Caruna Oy","Caruna Oy","exact_feed_name_to_snapshot_name","29.71","5.26","no","Yleissiirto / general-transfer (comparison basis)","","2026-05-04","2026-05-06","matched","yes","https://caruna.fi/hinnasto","https://www.sttinfo.fi/files/67340313/72011769/375325/fi","https://www.kuntaliitto.fi/kunnat/helsinki","https://geo.stat.fi/geoserver/postialue/wfs?service=WFS&version=2.0.0&request=GetFeature&typeNames=postialue:pno_2026&outputFormat=application/json&count=5000&propertyName=posti_alue,nimi,kunta,pinta_ala","https://ev-shv-prod-app-wa-consumerapi1.azurewebsites.net/api/getdsocollection","Caruna Espoo Oy; Caruna Oy; Helen Sähköverkko Oy; Oulun Seudun Sähkö Verkkopalvelut Oy; Sipoon Energia Oy; Vantaan Energia Sähköverkot Oy","City mapping: representative_postal_code_multiple_dso_matches; municipality_postal_areas_map_to_multiple_dsos Tariff note: Official page links the 1.1.2026 Caruna Oy tariff. Matched."
"091","Helsinki","kaupunki","unresolved","representative_postal_code_multiple_dso_matches; municipality_postal_areas_map_to_multiple_dsos","00100","Helsinki keskusta - Etu-Töölö","3","Helen Sähköverkko Oy","Helen Sähköverkko Oy","exact_feed_name_to_snapshot_name","6.01","4.44","no","Yleissiirto / general-transfer (comparison basis)","","2026-05-04","2026-05-06","snapshot_value","yes","https://www.helensahkoverkko.fi/asiakastuki/asiakaspalvelu/hinnastot-ja-ehdot","https://www.sttinfo.fi/files/67340313/72011769/375325/fi","https://www.kuntaliitto.fi/kunnat/helsinki","https://geo.stat.fi/geoserver/postialue/wfs?service=WFS&version=2.0.0&request=GetFeature&typeNames=postialue:pno_2026&outputFormat=application/json&count=5000&propertyName=posti_alue,nimi,kunta,pinta_ala","https://ev-shv-prod-app-wa-consumerapi1.azurewebsites.net/api/getdsocollection","Caruna Espoo Oy; Caruna Oy; Helen Sähköverkko Oy; Oulun Seudun Sähkö Verkkopalvelut Oy; Sipoon Energia Oy; Vantaan Energia Sähköverkot Oy","City mapping: representative_postal_code_multiple_dso_matches; municipality_postal_areas_map_to_multiple_dsos Tariff note: Exact values found in the official tariff PDF effective 1.10.2025; current page has a 2026 tariff link. Older exact match; 2026 PDF link not separately extracted."
"091","Helsinki","kaupunki","unresolved","representative_postal_code_multiple_dso_matches; municipality_postal_areas_map_to_multiple_dsos","00100","Helsinki keskusta - Etu-Töölö","3","Vantaan Energia Sähköverkot Oy","Vantaan Energia Sähköverkot Oy","exact_feed_name_to_snapshot_name","6.00","3.30","no","Yleissiirto / general-transfer (comparison basis)","","2026-05-04","2026-05-06","unverified","yes","https://www.vantaanenergiasahkoverkot.fi/hinnastot/","https://www.sttinfo.fi/files/67340313/72011769/375325/fi","https://www.kuntaliitto.fi/kunnat/helsinki","https://geo.stat.fi/geoserver/postialue/wfs?service=WFS&version=2.0.0&request=GetFeature&typeNames=postialue:pno_2026&outputFormat=application/json&count=5000&propertyName=posti_alue,nimi,kunta,pinta_ala","https://ev-shv-prod-app-wa-consumerapi1.azurewebsites.net/api/getdsocollection","Caruna Espoo Oy; Caruna Oy; Helen Sähköverkko Oy; Oulun Seudun Sähkö Verkkopalvelut Oy; Sipoon Energia Oy; Vantaan Energia Sähköverkot Oy","City mapping: representative_postal_code_multiple_dso_matches; municipality_postal_areas_map_to_multiple_dsos Tariff note: Official operator page link is recorded, but the exact 2026 3x25 A row was not extracted in this checkpoint. Unverified official match."
"092","Vantaa","kaupunki","resolved_with_caveat","municipality_postal_areas_map_to_multiple_dsos; postal_code_is_proxy_not_exact_centre; manual_checkpoint_proxy","01300","Tikkurila","1","Vantaan Energia Sähköverkot Oy","Vantaan Energia Sähköverkot Oy","exact_feed_name_to_snapshot_name","6.00","3.30","no","Yleissiirto / general-transfer (comparison basis)","","2026-05-04","2026-05-06","unverified","yes","https://www.vantaanenergiasahkoverkot.fi/hinnastot/","https://www.sttinfo.fi/files/67340313/72011769/375325/fi","https://www.kuntaliitto.fi/kunnat/vantaa","https://geo.stat.fi/geoserver/postialue/wfs?service=WFS&version=2.0.0&request=GetFeature&typeNames=postialue:pno_2026&outputFormat=application/json&count=5000&propertyName=posti_alue,nimi,kunta,pinta_ala","https://ev-shv-prod-app-wa-consumerapi1.azurewebsites.net/api/getdsocollection","Caruna Espoo Oy; Caruna Oy; Helen Sähköverkko Oy; Lehtimäen Sähkö Oy; Nurmijärven Sähköverkko Oy; Sipoon Energia Oy; Vantaan Energia Sähköverkot Oy","City mapping: municipality_postal_areas_map_to_multiple_dsos; postal_code_is_proxy_not_exact_centre; manual_checkpoint_proxy Tariff note: Official operator page link is recorded, but the exact 2026 3x25 A row was not extracted in this checkpoint. Unverified official match."
"102","Huittinen","kaupunki","unresolved","representative_postal_code_multiple_dso_matches; municipality_has_multiple_centre_postal_areas; municipality_postal_areas_map_to_multiple_dsos","32700","Huittinen Keskus","2","Caruna Oy","Caruna Oy","exact_feed_name_to_snapshot_name","29.71","5.26","no","Yleissiirto / general-transfer (comparison basis)","","2026-05-04","2026-05-06","matched","yes","https://caruna.fi/hinnasto","https://www.sttinfo.fi/files/67340313/72011769/375325/fi","https://www.kuntaliitto.fi/kunnat/huittinen","https://geo.stat.fi/geoserver/postialue/wfs?service=WFS&version=2.0.0&request=GetFeature&typeNames=postialue:pno_2026&outputFormat=application/json&count=5000&propertyName=posti_alue,nimi,kunta,pinta_ala","https://ev-shv-prod-app-wa-consumerapi1.azurewebsites.net/api/getdsocollection","Caruna Oy; Sallila Sähkönsiirto Oy","City mapping: representative_postal_code_multiple_dso_matches; municipality_has_multiple_centre_postal_areas; municipality_postal_areas_map_to_multiple_dsos Tariff note: Official page links the 1.1.2026 Caruna Oy tariff. Matched."
"102","Huittinen","kaupunki","unresolved","representative_postal_code_multiple_dso_matches; municipality_has_multiple_centre_postal_areas; municipality_postal_areas_map_to_multiple_dsos","32700","Huittinen Keskus","2","Sallila Sähkönsiirto Oy","Sallila Sähkönsiirto Oy","exact_feed_name_to_snapshot_name","22.30","4.48","no","Yleissiirto / general-transfer (comparison basis)","","2026-05-04","2026-05-06","matched","yes","https://sallila.fi/sahkoverkko/tuotteet-ja-hinnasto/verkkopalveluhinnat/","https://www.sttinfo.fi/files/67340313/72011769/375325/fi","https://www.kuntaliitto.fi/kunnat/huittinen","https://geo.stat.fi/geoserver/postialue/wfs?service=WFS&version=2.0.0&request=GetFeature&typeNames=postialue:pno_2026&outputFormat=application/json&count=5000&propertyName=posti_alue,nimi,kunta,pinta_ala","https://ev-shv-prod-app-wa-consumerapi1.azurewebsites.net/api/getdsocollection","Caruna Oy; Sallila Sähkönsiirto Oy","City mapping: representative_postal_code_multiple_dso_matches; municipality_has_multiple_centre_postal_areas; municipality_postal_areas_map_to_multiple_dsos Tariff note: Official page shows matching current general 3x25 A values and VAT 25.5%; March 2026 increase explains the comparison change. Matched."
"106","Hyvinkää","kaupunki","unresolved","representative_postal_code_multiple_dso_matches; municipality_postal_areas_map_to_multiple_dsos","05800","Hyvinkää Keskus","3","Caruna Oy","Caruna Oy","exact_feed_name_to_snapshot_name","29.71","5.26","no","Yleissiirto / general-transfer (comparison basis)","","2026-05-04","2026-05-06","matched","yes","https://caruna.fi/hinnasto","https://www.sttinfo.fi/files/67340313/72011769/375325/fi","https://www.kuntaliitto.fi/kunnat/hyvinkaa","https://geo.stat.fi/geoserver/postialue/wfs?service=WFS&version=2.0.0&request=GetFeature&typeNames=postialue:pno_2026&outputFormat=application/json&count=5000&propertyName=posti_alue,nimi,kunta,pinta_ala","https://ev-shv-prod-app-wa-consumerapi1.azurewebsites.net/api/getdsocollection","Caruna Oy; Nivos Energia Oy; Nurmijärven Sähköverkko Oy; Vantaan Energia Sähköverkot Oy","City mapping: representative_postal_code_multiple_dso_matches; municipality_postal_areas_map_to_multiple_dsos Tariff note: Official page links the 1.1.2026 Caruna Oy tariff. Matched."
"106","Hyvinkää","kaupunki","unresolved","representative_postal_code_multiple_dso_matches; municipality_postal_areas_map_to_multiple_dsos","05800","Hyvinkää Keskus","3","Nivos Energia Oy","Nivos Verkot Oy","curated_alias_to_snapshot_name","20.24","4.99","no","Yleissiirto / general-transfer (comparison basis)","","2026-05-04","2026-05-06","matched","yes","https://nivos.fi/sahko/tuotteet-ja-palvelut/verkkopalvelutuotteet-ja-hinnastot/sahkoverkon-verkkopalveluhinnasto-yleistuotteet/","https://www.sttinfo.fi/files/67340313/72011769/375325/fi","https://www.kuntaliitto.fi/kunnat/hyvinkaa","https://geo.stat.fi/geoserver/postialue/wfs?service=WFS&version=2.0.0&request=GetFeature&typeNames=postialue:pno_2026&outputFormat=application/json&count=5000&propertyName=posti_alue,nimi,kunta,pinta_ala","https://ev-shv-prod-app-wa-consumerapi1.azurewebsites.net/api/getdsocollection","Caruna Oy; Nivos Energia Oy; Nurmijärven Sähköverkko Oy; Vantaan Energia Sähköverkot Oy","City mapping: representative_postal_code_multiple_dso_matches; municipality_postal_areas_map_to_multiple_dsos Tariff note: Official page states tariff effective 1.1.2026 and that transfer charges exclude energy tax. Matched."
"106","Hyvinkää","kaupunki","unresolved","representative_postal_code_multiple_dso_matches; municipality_postal_areas_map_to_multiple_dsos","05800","Hyvinkää Keskus","3","Vantaan Energia Sähköverkot Oy","Vantaan Energia Sähköverkot Oy","exact_feed_name_to_snapshot_name","6.00","3.30","no","Yleissiirto / general-transfer (comparison basis)","","2026-05-04","2026-05-06","unverified","yes","https://www.vantaanenergiasahkoverkot.fi/hinnastot/","https://www.sttinfo.fi/files/67340313/72011769/375325/fi","https://www.kuntaliitto.fi/kunnat/hyvinkaa","https://geo.stat.fi/geoserver/postialue/wfs?service=WFS&version=2.0.0&request=GetFeature&typeNames=postialue:pno_2026&outputFormat=application/json&count=5000&propertyName=posti_alue,nimi,kunta,pinta_ala","https://ev-shv-prod-app-wa-consumerapi1.azurewebsites.net/api/getdsocollection","Caruna Oy; Nivos Energia Oy; Nurmijärven Sähköverkko Oy; Vantaan Energia Sähköverkot Oy","City mapping: representative_postal_code_multiple_dso_matches; municipality_postal_areas_map_to_multiple_dsos Tariff note: Official operator page link is recorded, but the exact 2026 3x25 A row was not extracted in this checkpoint. Unverified official match."
"109","Hämeenlinna","kaupunki","resolved_with_caveat","municipality_postal_areas_map_to_multiple_dsos","13100","Hämeenlinna Keskus","1","Elenia Oy","Elenia Verkko Oyj","curated_alias_to_snapshot_name","22.79","5.89","no","Yleissiirto / general-transfer (comparison basis)","","2026-05-04","2026-05-06","matched","yes","https://www.elenia.fi/files/3368404e95e6e87870c3efd831994c0a6bf8b693/elenia-pienasiakkaat-hinnasto-4-2026-www-a4-fi-v2.pdf","https://www.sttinfo.fi/files/67340313/72011769/375325/fi","https://www.kuntaliitto.fi/kunnat/hameenlinna","https://geo.stat.fi/geoserver/postialue/wfs?service=WFS&version=2.0.0&request=GetFeature&typeNames=postialue:pno_2026&outputFormat=application/json&count=5000&propertyName=posti_alue,nimi,kunta,pinta_ala","https://ev-shv-prod-app-wa-consumerapi1.azurewebsites.net/api/getdsocollection","Elenia Oy; Kymenlaakson Sähköverkko Oy; Köyliön-Säkylän Sähkö Oy","City mapping: municipality_postal_areas_map_to_multiple_dsos Tariff note: 3x25 A grouped with smaller three-phase fuses; VAT 25.5%; electricity tax separate. Matched, 2026."
"111","Heinola","kaupunki","unresolved","representative_postal_code_multiple_dso_matches; municipality_postal_areas_map_to_multiple_dsos","18100","Heinola Keskus","2","Elenia Oy","Elenia Verkko Oyj","curated_alias_to_snapshot_name","22.79","5.89","no","Yleissiirto / general-transfer (comparison basis)","","2026-05-04","2026-05-06","matched","yes","https://www.elenia.fi/files/3368404e95e6e87870c3efd831994c0a6bf8b693/elenia-pienasiakkaat-hinnasto-4-2026-www-a4-fi-v2.pdf","https://www.sttinfo.fi/files/67340313/72011769/375325/fi","https://www.kuntaliitto.fi/kunnat/heinola","https://geo.stat.fi/geoserver/postialue/wfs?service=WFS&version=2.0.0&request=GetFeature&typeNames=postialue:pno_2026&outputFormat=application/json&count=5000&propertyName=posti_alue,nimi,kunta,pinta_ala","https://ev-shv-prod-app-wa-consumerapi1.azurewebsites.net/api/getdsocollection","Elenia Oy; Järvi-Suomen Energia Oy; KSS Verkko Oy; Lahti Energia Sähköverkko Oy","City mapping: representative_postal_code_multiple_dso_matches; municipality_postal_areas_map_to_multiple_dsos Tariff note: 3x25 A grouped with smaller three-phase fuses; VAT 25.5%; electricity tax separate. Matched, 2026."
"111","Heinola","kaupunki","unresolved","representative_postal_code_multiple_dso_matches; municipality_postal_areas_map_to_multiple_dsos","18100","Heinola Keskus","2","Järvi-Suomen Energia Oy","Järvi-Suomen Energia Oy","exact_feed_name_to_snapshot_name","44.44","5.14","no","Yleissiirto / general-transfer (comparison basis)","","2026-05-04","2026-05-06","snapshot_later_tariff_differs","yes","https://www.jseoy.fi/wp-content/uploads/2025/09/verkkopalveluhinnasto-1.7.2025-alkaen-saavutettava-1.1.pdf","https://www.sttinfo.fi/files/67340313/72011769/375325/fi","https://www.kuntaliitto.fi/kunnat/heinola","https://geo.stat.fi/geoserver/postialue/wfs?service=WFS&version=2.0.0&request=GetFeature&typeNames=postialue:pno_2026&outputFormat=application/json&count=5000&propertyName=posti_alue,nimi,kunta,pinta_ala","https://ev-shv-prod-app-wa-consumerapi1.azurewebsites.net/api/getdsocollection","Elenia Oy; Järvi-Suomen Energia Oy; KSS Verkko Oy; Lahti Energia Sähköverkko Oy","City mapping: representative_postal_code_multiple_dso_matches; municipality_postal_areas_map_to_multiple_dsos Tariff note: Historical official 1.7.2025 tariff matches the snapshot. Official current tariff effective 1.7.2026 shows a later fixed fee of 47.55 €/month. Snapshot matched; later tariff differs."
"140","Iisalmi","kaupunki","resolved_with_caveat","municipality_has_multiple_centre_postal_areas","74100","Iisalmi Keskus, Eteläinen","1","Savon Voima Verkko Oy","Savon Voima Verkko Oy","exact_feed_name_to_snapshot_name","36.80","5.20","no","Yleissiirto / general-transfer (comparison basis)","","2026-05-04","2026-05-06","matched","yes","https://savonvoima.fi/hinnastot-ja-sopimusehdot/verkkopalveluhinnasto/","https://www.sttinfo.fi/files/67340313/72011769/375325/fi","https://www.kuntaliitto.fi/kunnat/iisalmi","https://geo.stat.fi/geoserver/postialue/wfs?service=WFS&version=2.0.0&request=GetFeature&typeNames=postialue:pno_2026&outputFormat=application/json&count=5000&propertyName=posti_alue,nimi,kunta,pinta_ala","https://ev-shv-prod-app-wa-consumerapi1.azurewebsites.net/api/getdsocollection","Savon Voima Verkko Oy","City mapping: municipality_has_multiple_centre_postal_areas Tariff note: Official tariff effective 1.6.2026 shows matching 3x25 A general values and tax separately. Matched."
"143","Ikaalinen","kaupunki","unresolved","representative_postal_code_multiple_dso_matches; municipality_postal_areas_map_to_multiple_dsos","39500","Ikaalinen Keskus","3","Elenia Oy","Elenia Verkko Oyj","curated_alias_to_snapshot_name","22.79","5.89","no","Yleissiirto / general-transfer (comparison basis)","","2026-05-04","2026-05-06","matched","yes","https://www.elenia.fi/files/3368404e95e6e87870c3efd831994c0a6bf8b693/elenia-pienasiakkaat-hinnasto-4-2026-www-a4-fi-v2.pdf","https://www.sttinfo.fi/files/67340313/72011769/375325/fi","https://www.kuntaliitto.fi/kunnat/ikaalinen","https://geo.stat.fi/geoserver/postialue/wfs?service=WFS&version=2.0.0&request=GetFeature&typeNames=postialue:pno_2026&outputFormat=application/json&count=5000&propertyName=posti_alue,nimi,kunta,pinta_ala","https://ev-shv-prod-app-wa-consumerapi1.azurewebsites.net/api/getdsocollection","Elenia Oy; Leppäkoski Group Oy; Vatajankoski Oy","City mapping: representative_postal_code_multiple_dso_matches; municipality_postal_areas_map_to_multiple_dsos Tariff note: 3x25 A grouped with smaller three-phase fuses; VAT 25.5%; electricity tax separate. Matched, 2026."
"143","Ikaalinen","kaupunki","unresolved","representative_postal_code_multiple_dso_matches; municipality_postal_areas_map_to_multiple_dsos","39500","Ikaalinen Keskus","3","Leppäkoski Group Oy","Leppäkosken Sähkö Oy","curated_alias_to_snapshot_name","21.56","4.86","no","Yleissiirto / general-transfer (comparison basis)","","2026-05-04","2026-05-06","matched","yes","https://leppakoski.fi/wp-content/uploads/2026/03/Verkkopalveluhinnasto-1.4.2026.pdf","https://www.sttinfo.fi/files/67340313/72011769/375325/fi","https://www.kuntaliitto.fi/kunnat/ikaalinen","https://geo.stat.fi/geoserver/postialue/wfs?service=WFS&version=2.0.0&request=GetFeature&typeNames=postialue:pno_2026&outputFormat=application/json&count=5000&propertyName=posti_alue,nimi,kunta,pinta_ala","https://ev-shv-prod-app-wa-consumerapi1.azurewebsites.net/api/getdsocollection","Elenia Oy; Leppäkoski Group Oy; Vatajankoski Oy","City mapping: representative_postal_code_multiple_dso_matches; municipality_postal_areas_map_to_multiple_dsos Tariff note: Official 1.4.2026 3x25 A general-transfer values; VAT 25.5%, electricity tax separate. Matched."
"143","Ikaalinen","kaupunki","unresolved","representative_postal_code_multiple_dso_matches; municipality_postal_areas_map_to_multiple_dsos","39500","Ikaalinen Keskus","3","Vatajankoski Oy","Vatajankoski Sähköverkko Oy","curated_alias_to_snapshot_name","21.06","5.27","no","Yleissiirto / general-transfer (comparison basis)","","2026-05-04","2026-05-06","unverified","yes","https://www.vatajankoskisahkoverkko.fi/palvelut/sahkoverkko/hinnasto-ja-ehdot/","https://www.sttinfo.fi/files/67340313/72011769/375325/fi","https://www.kuntaliitto.fi/kunnat/ikaalinen","https://geo.stat.fi/geoserver/postialue/wfs?service=WFS&version=2.0.0&request=GetFeature&typeNames=postialue:pno_2026&outputFormat=application/json&count=5000&propertyName=posti_alue,nimi,kunta,pinta_ala","https://ev-shv-prod-app-wa-consumerapi1.azurewebsites.net/api/getdsocollection","Elenia Oy; Leppäkoski Group Oy; Vatajankoski Oy","City mapping: representative_postal_code_multiple_dso_matches; municipality_postal_areas_map_to_multiple_dsos Tariff note: Official page currently links a 1.7.2026 tariff, but the exact comparison row was not extracted here. Unverified official match."
"153","Imatra","kaupunki","unresolved","representative_postal_code_multiple_dso_matches; municipality_postal_areas_map_to_multiple_dsos","55100","Imatra Keskus","3","Imatran Seudun Sähkönsiirto Oy","Imatran Seudun Sähkönsiirto Oy","exact_feed_name_to_snapshot_name","17.82","3.99","no","Yleissiirto / general-transfer (comparison basis)","","2026-05-04","2026-05-06","matched","yes","https://www.issoy.fi/verkkopalvelu/hinnastot/verkkopalvelumaksut/","https://www.sttinfo.fi/files/67340313/72011769/375325/fi","https://www.kuntaliitto.fi/kunnat/imatra","https://geo.stat.fi/geoserver/postialue/wfs?service=WFS&version=2.0.0&request=GetFeature&typeNames=postialue:pno_2026&outputFormat=application/json&count=5000&propertyName=posti_alue,nimi,kunta,pinta_ala","https://ev-shv-prod-app-wa-consumerapi1.azurewebsites.net/api/getdsocollection","Imatran Seudun Sähkönsiirto Oy; Järvi-Suomen Energia Oy; Lappeenrannan Energiaverkot Oy","City mapping: representative_postal_code_multiple_dso_matches; municipality_postal_areas_map_to_multiple_dsos Tariff note: Official general-transfer page shows 1x25/1x35/3x25 grouping and matching charge. Matched."
"153","Imatra","kaupunki","unresolved","representative_postal_code_multiple_dso_matches; municipality_postal_areas_map_to_multiple_dsos","55100","Imatra Keskus","3","Järvi-Suomen Energia Oy","Järvi-Suomen Energia Oy","exact_feed_name_to_snapshot_name","44.44","5.14","no","Yleissiirto / general-transfer (comparison basis)","","2026-05-04","2026-05-06","snapshot_later_tariff_differs","yes","https://www.jseoy.fi/wp-content/uploads/2025/09/verkkopalveluhinnasto-1.7.2025-alkaen-saavutettava-1.1.pdf","https://www.sttinfo.fi/files/67340313/72011769/375325/fi","https://www.kuntaliitto.fi/kunnat/imatra","https://geo.stat.fi/geoserver/postialue/wfs?service=WFS&version=2.0.0&request=GetFeature&typeNames=postialue:pno_2026&outputFormat=application/json&count=5000&propertyName=posti_alue,nimi,kunta,pinta_ala","https://ev-shv-prod-app-wa-consumerapi1.azurewebsites.net/api/getdsocollection","Imatran Seudun Sähkönsiirto Oy; Järvi-Suomen Energia Oy; Lappeenrannan Energiaverkot Oy","City mapping: representative_postal_code_multiple_dso_matches; municipality_postal_areas_map_to_multiple_dsos Tariff note: Historical official 1.7.2025 tariff matches the snapshot. Official current tariff effective 1.7.2026 shows a later fixed fee of 47.55 €/month. Snapshot matched; later tariff differs."
"153","Imatra","kaupunki","unresolved","representative_postal_code_multiple_dso_matches; municipality_postal_areas_map_to_multiple_dsos","55100","Imatra Keskus","3","Lappeenrannan Energiaverkot Oy","Lappeenrannan Energiaverkot Oy","exact_feed_name_to_snapshot_name","10.20","4.47","no","Yleissiirto / general-transfer (comparison basis)","","2026-05-04","2026-05-06","older_but_matching","yes","https://www.lappeenrannanenergia.fi/sites/default/files/2025-09/S%C3%A4hk%C3%B6n%20verkkopalveluhinnasto%201.11.2025.pdf","https://www.sttinfo.fi/files/67340313/72011769/375325/fi","https://www.kuntaliitto.fi/kunnat/imatra","https://geo.stat.fi/geoserver/postialue/wfs?service=WFS&version=2.0.0&request=GetFeature&typeNames=postialue:pno_2026&outputFormat=application/json&count=5000&propertyName=posti_alue,nimi,kunta,pinta_ala","https://ev-shv-prod-app-wa-consumerapi1.azurewebsites.net/api/getdsocollection","Imatran Seudun Sähkönsiirto Oy; Järvi-Suomen Energia Oy; Lappeenrannan Energiaverkot Oy","City mapping: representative_postal_code_multiple_dso_matches; municipality_postal_areas_map_to_multiple_dsos Tariff note: Official 1.11.2025 tariff matches; electricity tax separate. Older but matching."
"167","Joensuu","kaupunki","unresolved","representative_postal_code_multiple_dso_matches; municipality_has_multiple_centre_postal_areas; municipality_postal_areas_map_to_multiple_dsos","80100","Joensuu Keskus, Pohjoinen","2","Caruna Espoo Oy","Caruna Espoo Oy","exact_feed_name_to_snapshot_name","8.18","2.77","no","Yleissiirto / general-transfer (comparison basis)","","2026-05-04","2026-05-06","matched","yes","https://caruna.fi/hinnasto","https://www.sttinfo.fi/files/67340313/72011769/375325/fi","https://www.kuntaliitto.fi/kunnat/joensuu","https://geo.stat.fi/geoserver/postialue/wfs?service=WFS&version=2.0.0&request=GetFeature&typeNames=postialue:pno_2026&outputFormat=application/json&count=5000&propertyName=posti_alue,nimi,kunta,pinta_ala","https://ev-shv-prod-app-wa-consumerapi1.azurewebsites.net/api/getdsocollection","Caruna Espoo Oy; PKS Sähkösiirto Oy","City mapping: representative_postal_code_multiple_dso_matches; municipality_has_multiple_centre_postal_areas; municipality_postal_areas_map_to_multiple_dsos Tariff note: Official page links the 1.1.2026 Caruna Espoo Oy tariff. Matched."
"167","Joensuu","kaupunki","unresolved","representative_postal_code_multiple_dso_matches; municipality_has_multiple_centre_postal_areas; municipality_postal_areas_map_to_multiple_dsos","80100","Joensuu Keskus, Pohjoinen","2","PKS Sähkösiirto Oy","PKS Sähkönsiirto Oy","curated_alias_to_snapshot_name","42.04","5.46","no","Yleissiirto / general-transfer (comparison basis)","","2026-05-04","2026-05-06","snapshot_later_tariff_differs","yes","https://pkssahkonsiirto.fi/wp-content/uploads/pkss_verkkopalveluhinnasto_01072025.pdf","https://www.sttinfo.fi/files/67340313/72011769/375325/fi","https://www.kuntaliitto.fi/kunnat/joensuu","https://geo.stat.fi/geoserver/postialue/wfs?service=WFS&version=2.0.0&request=GetFeature&typeNames=postialue:pno_2026&outputFormat=application/json&count=5000&propertyName=posti_alue,nimi,kunta,pinta_ala","https://ev-shv-prod-app-wa-consumerapi1.azurewebsites.net/api/getdsocollection","Caruna Espoo Oy; PKS Sähkösiirto Oy","City mapping: representative_postal_code_multiple_dso_matches; municipality_has_multiple_centre_postal_areas; municipality_postal_areas_map_to_multiple_dsos Tariff note: Official 1.7.2025 tariff gives 42.04 €/month and 5.463 c/kWh, rounded here to 5.46; electricity tax separately listed. Current 1.7.2026 tariff shows 42.00 €/month. Snapshot matched; later tariff differs slightly."
"179","Jyväskylä","kaupunki","unresolved","representative_postal_code_multiple_dso_matches; municipality_has_multiple_centre_postal_areas; municipality_postal_areas_map_to_multiple_dsos","40100","Jyväskylä Keskus","3","Elenia Oy","Elenia Verkko Oyj","curated_alias_to_snapshot_name","22.79","5.89","no","Yleissiirto / general-transfer (comparison basis)","","2026-05-04","2026-05-06","matched","yes","https://www.elenia.fi/files/3368404e95e6e87870c3efd831994c0a6bf8b693/elenia-pienasiakkaat-hinnasto-4-2026-www-a4-fi-v2.pdf","https://www.sttinfo.fi/files/67340313/72011769/375325/fi","https://www.kuntaliitto.fi/kunnat/jyvaskyla","https://geo.stat.fi/geoserver/postialue/wfs?service=WFS&version=2.0.0&request=GetFeature&typeNames=postialue:pno_2026&outputFormat=application/json&count=5000&propertyName=posti_alue,nimi,kunta,pinta_ala","https://ev-shv-prod-app-wa-consumerapi1.azurewebsites.net/api/getdsocollection","Caruna Oy; Elenia Oy; JE-Siirto Oy; Järvi-Suomen Energia Oy; Keuruun Sähkö Oy","City mapping: representative_postal_code_multiple_dso_matches; municipality_has_multiple_centre_postal_areas; municipality_postal_areas_map_to_multiple_dsos Tariff note: 3x25 A grouped with smaller three-phase fuses; VAT 25.5%; electricity tax separate. Matched, 2026."
"179","Jyväskylä","kaupunki","unresolved","representative_postal_code_multiple_dso_matches; municipality_has_multiple_centre_postal_areas; municipality_postal_areas_map_to_multiple_dsos","40100","Jyväskylä Keskus","3","JE-Siirto Oy","JE-Siirto Oy","exact_feed_name_to_snapshot_name","","","no","Yleissiirto / general-transfer (comparison basis)","","2026-05-04","2026-05-06","not_in_snapshot","no","","https://www.sttinfo.fi/files/67340313/72011769/375325/fi","https://www.kuntaliitto.fi/kunnat/jyvaskyla","https://geo.stat.fi/geoserver/postialue/wfs?service=WFS&version=2.0.0&request=GetFeature&typeNames=postialue:pno_2026&outputFormat=application/json&count=5000&propertyName=posti_alue,nimi,kunta,pinta_ala","https://ev-shv-prod-app-wa-consumerapi1.azurewebsites.net/api/getdsocollection","Caruna Oy; Elenia Oy; JE-Siirto Oy; Järvi-Suomen Energia Oy; Keuruun Sähkö Oy","City mapping: representative_postal_code_multiple_dso_matches; municipality_has_multiple_centre_postal_areas; municipality_postal_areas_map_to_multiple_dsos No matching operator row in the 77-row comparison snapshot."
"179","Jyväskylä","kaupunki","unresolved","representative_postal_code_multiple_dso_matches; municipality_has_multiple_centre_postal_areas; municipality_postal_areas_map_to_multiple_dsos","40100","Jyväskylä Keskus","3","Järvi-Suomen Energia Oy","Järvi-Suomen Energia Oy","exact_feed_name_to_snapshot_name","44.44","5.14","no","Yleissiirto / general-transfer (comparison basis)","","2026-05-04","2026-05-06","snapshot_later_tariff_differs","yes","https://www.jseoy.fi/wp-content/uploads/2025/09/verkkopalveluhinnasto-1.7.2025-alkaen-saavutettava-1.1.pdf","https://www.sttinfo.fi/files/67340313/72011769/375325/fi","https://www.kuntaliitto.fi/kunnat/jyvaskyla","https://geo.stat.fi/geoserver/postialue/wfs?service=WFS&version=2.0.0&request=GetFeature&typeNames=postialue:pno_2026&outputFormat=application/json&count=5000&propertyName=posti_alue,nimi,kunta,pinta_ala","https://ev-shv-prod-app-wa-consumerapi1.azurewebsites.net/api/getdsocollection","Caruna Oy; Elenia Oy; JE-Siirto Oy; Järvi-Suomen Energia Oy; Keuruun Sähkö Oy","City mapping: representative_postal_code_multiple_dso_matches; municipality_has_multiple_centre_postal_areas; municipality_postal_areas_map_to_multiple_dsos Tariff note: Historical official 1.7.2025 tariff matches the snapshot. Official current tariff effective 1.7.2026 shows a later fixed fee of 47.55 €/month. Snapshot matched; later tariff differs."
"182","Jämsä","kaupunki","unresolved","representative_postal_code_multiple_dso_matches; municipality_has_multiple_centre_postal_areas; municipality_postal_areas_map_to_multiple_dsos","42100","Jämsä Keskus","2","Elenia Oy","Elenia Verkko Oyj","curated_alias_to_snapshot_name","22.79","5.89","no","Yleissiirto / general-transfer (comparison basis)","","2026-05-04","2026-05-06","matched","yes","https://www.elenia.fi/files/3368404e95e6e87870c3efd831994c0a6bf8b693/elenia-pienasiakkaat-hinnasto-4-2026-www-a4-fi-v2.pdf","https://www.sttinfo.fi/files/67340313/72011769/375325/fi","https://www.kuntaliitto.fi/kunnat/jamsa","https://geo.stat.fi/geoserver/postialue/wfs?service=WFS&version=2.0.0&request=GetFeature&typeNames=postialue:pno_2026&outputFormat=application/json&count=5000&propertyName=posti_alue,nimi,kunta,pinta_ala","https://ev-shv-prod-app-wa-consumerapi1.azurewebsites.net/api/getdsocollection","Elenia Oy; Keuruun Sähkö Oy; Kuoreveden Sähkö Oy; Köyliön-Säkylän Sähkö Oy; Savon Voima Verkko Oy","City mapping: representative_postal_code_multiple_dso_matches; municipality_has_multiple_centre_postal_areas; municipality_postal_areas_map_to_multiple_dsos Tariff note: 3x25 A grouped with smaller three-phase fuses; VAT 25.5%; electricity tax separate. Matched, 2026."
"182","Jämsä","kaupunki","unresolved","representative_postal_code_multiple_dso_matches; municipality_has_multiple_centre_postal_areas; municipality_postal_areas_map_to_multiple_dsos","42100","Jämsä Keskus","2","Kuoreveden Sähkö Oy","Kuoreveden Sähkö Oy","exact_feed_name_to_snapshot_name","39.96","3.74","no","Yleissiirto / general-transfer (comparison basis)","","2026-05-04","2026-05-06","older_but_matching","yes","https://www.kuorevedensahko.fi/wp-content/uploads/2024/09/20240901-verkkopalveluhinnasto.pdf","https://www.sttinfo.fi/files/67340313/72011769/375325/fi","https://www.kuntaliitto.fi/kunnat/jamsa","https://geo.stat.fi/geoserver/postialue/wfs?service=WFS&version=2.0.0&request=GetFeature&typeNames=postialue:pno_2026&outputFormat=application/json&count=5000&propertyName=posti_alue,nimi,kunta,pinta_ala","https://ev-shv-prod-app-wa-consumerapi1.azurewebsites.net/api/getdsocollection","Elenia Oy; Keuruun Sähkö Oy; Kuoreveden Sähkö Oy; Köyliön-Säkylän Sähkö Oy; Savon Voima Verkko Oy","City mapping: representative_postal_code_multiple_dso_matches; municipality_has_multiple_centre_postal_areas; municipality_postal_areas_map_to_multiple_dsos Tariff note: Official 1.9.2024 tariff matches; electricity tax listed separately. Older but matching."
"186","Järvenpää","kaupunki","resolved_with_caveat","municipality_postal_areas_map_to_multiple_dsos","04410","Järvenpää Keskus","1","Caruna Oy","Caruna Oy","exact_feed_name_to_snapshot_name","29.71","5.26","no","Yleissiirto / general-transfer (comparison basis)","","2026-05-04","2026-05-06","matched","yes","https://caruna.fi/hinnasto","https://www.sttinfo.fi/files/67340313/72011769/375325/fi","https://www.kuntaliitto.fi/kunnat/jarvenpaa","https://geo.stat.fi/geoserver/postialue/wfs?service=WFS&version=2.0.0&request=GetFeature&typeNames=postialue:pno_2026&outputFormat=application/json&count=5000&propertyName=posti_alue,nimi,kunta,pinta_ala","https://ev-shv-prod-app-wa-consumerapi1.azurewebsites.net/api/getdsocollection","Caruna Oy; Nivos Energia Oy; Sipoon Energia Oy","City mapping: municipality_postal_areas_map_to_multiple_dsos Tariff note: Official page links the 1.1.2026 Caruna Oy tariff. Matched."
"202","Kaarina","kaupunki","resolved_with_caveat","municipality_postal_areas_map_to_multiple_dsos","20780","Kaarina Keskus","1","Caruna Oy","Caruna Oy","exact_feed_name_to_snapshot_name","29.71","5.26","no","Yleissiirto / general-transfer (comparison basis)","","2026-05-04","2026-05-06","matched","yes","https://caruna.fi/hinnasto","https://www.sttinfo.fi/files/67340313/72011769/375325/fi","https://www.kuntaliitto.fi/kunnat/kaarina","https://geo.stat.fi/geoserver/postialue/wfs?service=WFS&version=2.0.0&request=GetFeature&typeNames=postialue:pno_2026&outputFormat=application/json&count=5000&propertyName=posti_alue,nimi,kunta,pinta_ala","https://ev-shv-prod-app-wa-consumerapi1.azurewebsites.net/api/getdsocollection","Caruna Oy; Turku Energia Sähköverkot Oy","City mapping: municipality_postal_areas_map_to_multiple_dsos Tariff note: Official page links the 1.1.2026 Caruna Oy tariff. Matched."
"205","Kajaani","kaupunki","resolved_with_caveat","municipality_has_multiple_centre_postal_areas","87100","Kajaani Keskus","1","Kajave Oy","Kajave Oy","exact_feed_name_to_snapshot_name","41.80","5.75","no","Yleissiirto / general-transfer (comparison basis)","","2026-05-04","2026-05-06","matched","yes","https://www.kajave.fi/app/uploads/sites/3/2026/06/kajave_hinnasto_verkkopalvelu_01062026.pdf","https://www.sttinfo.fi/files/67340313/72011769/375325/fi","https://www.kuntaliitto.fi/kunnat/kajaani","https://geo.stat.fi/geoserver/postialue/wfs?service=WFS&version=2.0.0&request=GetFeature&typeNames=postialue:pno_2026&outputFormat=application/json&count=5000&propertyName=posti_alue,nimi,kunta,pinta_ala","https://ev-shv-prod-app-wa-consumerapi1.azurewebsites.net/api/getdsocollection","Kajave Oy","City mapping: municipality_has_multiple_centre_postal_areas Tariff note: Official 1.6.2026 tariff has two 3x25 A general-fee categories by number of usage points: 41.80 €/month for 1–2 points and 25.70 €/month for 3 or more. The source row uses the 41.80 category. Matched with usage-point category caveat."
"208","Kalajoki","kaupunki","unresolved","representative_postal_code_multiple_dso_matches; municipality_has_multiple_centre_postal_areas; municipality_postal_areas_map_to_multiple_dsos","85100","Kalajoki Keskus","2","Elenia Oy","Elenia Verkko Oyj","curated_alias_to_snapshot_name","22.79","5.89","no","Yleissiirto / general-transfer (comparison basis)","","2026-05-04","2026-05-06","matched","yes","https://www.elenia.fi/files/3368404e95e6e87870c3efd831994c0a6bf8b693/elenia-pienasiakkaat-hinnasto-4-2026-www-a4-fi-v2.pdf","https://www.sttinfo.fi/files/67340313/72011769/375325/fi","https://www.kuntaliitto.fi/kunnat/kalajoki","https://geo.stat.fi/geoserver/postialue/wfs?service=WFS&version=2.0.0&request=GetFeature&typeNames=postialue:pno_2026&outputFormat=application/json&count=5000&propertyName=posti_alue,nimi,kunta,pinta_ala","https://ev-shv-prod-app-wa-consumerapi1.azurewebsites.net/api/getdsocollection","Elenia Oy; Verkko Korpela Oy","City mapping: representative_postal_code_multiple_dso_matches; municipality_has_multiple_centre_postal_areas; municipality_postal_areas_map_to_multiple_dsos Tariff note: 3x25 A grouped with smaller three-phase fuses; VAT 25.5%; electricity tax separate. Matched, 2026."
"208","Kalajoki","kaupunki","unresolved","representative_postal_code_multiple_dso_matches; municipality_has_multiple_centre_postal_areas; municipality_postal_areas_map_to_multiple_dsos","85100","Kalajoki Keskus","2","Verkko Korpela Oy","Verkko Korpela Oy","exact_feed_name_to_snapshot_name","12.78","4.15","no","Yleissiirto / general-transfer (comparison basis)","","2026-05-04","2026-05-06","matched","yes","https://www.korpelanvoima.fi/verkkopalveluhinnasto/","https://www.sttinfo.fi/files/67340313/72011769/375325/fi","https://www.kuntaliitto.fi/kunnat/kalajoki","https://geo.stat.fi/geoserver/postialue/wfs?service=WFS&version=2.0.0&request=GetFeature&typeNames=postialue:pno_2026&outputFormat=application/json&count=5000&propertyName=posti_alue,nimi,kunta,pinta_ala","https://ev-shv-prod-app-wa-consumerapi1.azurewebsites.net/api/getdsocollection","Elenia Oy; Verkko Korpela Oy","City mapping: representative_postal_code_multiple_dso_matches; municipality_has_multiple_centre_postal_areas; municipality_postal_areas_map_to_multiple_dsos Tariff note: Operator site now uses Korpelan Voima branding; the located 1.1.2026 PDF is the normalized operator's tariff and matches the comparison values. Matched, branding differs."
"211","Kangasala","kaupunki","unresolved","representative_postal_code_multiple_dso_matches; municipality_has_multiple_centre_postal_areas; municipality_postal_areas_map_to_multiple_dsos","36200","Kangasala Keskus","3","Elenia Oy","Elenia Verkko Oyj","curated_alias_to_snapshot_name","22.79","5.89","no","Yleissiirto / general-transfer (comparison basis)","","2026-05-04","2026-05-06","matched","yes","https://www.elenia.fi/files/3368404e95e6e87870c3efd831994c0a6bf8b693/elenia-pienasiakkaat-hinnasto-4-2026-www-a4-fi-v2.pdf","https://www.sttinfo.fi/files/67340313/72011769/375325/fi","https://www.kuntaliitto.fi/kunnat/kangasala","https://geo.stat.fi/geoserver/postialue/wfs?service=WFS&version=2.0.0&request=GetFeature&typeNames=postialue:pno_2026&outputFormat=application/json&count=5000&propertyName=posti_alue,nimi,kunta,pinta_ala","https://ev-shv-prod-app-wa-consumerapi1.azurewebsites.net/api/getdsocollection","Caruna Oy; Elenia Oy; Tampereen Energia Sähköverkko Oy; Valkeakosken Energia Oy","City mapping: representative_postal_code_multiple_dso_matches; municipality_has_multiple_centre_postal_areas; municipality_postal_areas_map_to_multiple_dsos Tariff note: 3x25 A grouped with smaller three-phase fuses; VAT 25.5%; electricity tax separate. Matched, 2026."
"211","Kangasala","kaupunki","unresolved","representative_postal_code_multiple_dso_matches; municipality_has_multiple_centre_postal_areas; municipality_postal_areas_map_to_multiple_dsos","36200","Kangasala Keskus","3","Tampereen Energia Sähköverkko Oy","Tampereen Energia Sähköverkko Oy","exact_feed_name_to_snapshot_name","6.02","3.26","no","Yleissiirto / general-transfer (comparison basis)","","2026-05-04","2026-05-06","matched","yes","https://www.tampereensahkoverkko.fi/wp-content/uploads/sites/3/2026/03/taes_hinnasto_2026_hvm_01042026.pdf","https://www.sttinfo.fi/files/67340313/72011769/375325/fi","https://www.kuntaliitto.fi/kunnat/kangasala","https://geo.stat.fi/geoserver/postialue/wfs?service=WFS&version=2.0.0&request=GetFeature&typeNames=postialue:pno_2026&outputFormat=application/json&count=5000&propertyName=posti_alue,nimi,kunta,pinta_ala","https://ev-shv-prod-app-wa-consumerapi1.azurewebsites.net/api/getdsocollection","Caruna Oy; Elenia Oy; Tampereen Energia Sähköverkko Oy; Valkeakosken Energia Oy","City mapping: representative_postal_code_multiple_dso_matches; municipality_has_multiple_centre_postal_areas; municipality_postal_areas_map_to_multiple_dsos Tariff note: Official 2026 tariff shows 3x25 A general values, VAT 25.5%; electricity tax separate. Matched."
"211","Kangasala","kaupunki","unresolved","representative_postal_code_multiple_dso_matches; municipality_has_multiple_centre_postal_areas; municipality_postal_areas_map_to_multiple_dsos","36200","Kangasala Keskus","3","Valkeakosken Energia Oy","Valkeakosken Energia Oy","exact_feed_name_to_snapshot_name","11.95","4.11","no","Yleissiirto / general-transfer (comparison basis)","","2026-05-04","2026-05-06","official_source_not_found","yes","","https://www.sttinfo.fi/files/67340313/72011769/375325/fi","https://www.kuntaliitto.fi/kunnat/kangasala","https://geo.stat.fi/geoserver/postialue/wfs?service=WFS&version=2.0.0&request=GetFeature&typeNames=postialue:pno_2026&outputFormat=application/json&count=5000&propertyName=posti_alue,nimi,kunta,pinta_ala","https://ev-shv-prod-app-wa-consumerapi1.azurewebsites.net/api/getdsocollection","Caruna Oy; Elenia Oy; Tampereen Energia Sähköverkko Oy; Valkeakosken Energia Oy","City mapping: representative_postal_code_multiple_dso_matches; municipality_has_multiple_centre_postal_areas; municipality_postal_areas_map_to_multiple_dsos Tariff note: No official tariff PDF/page was confirmed in this pass. Official tariff not found."
"214","Kankaanpää","kaupunki","unresolved","representative_postal_code_multiple_dso_matches; municipality_has_multiple_centre_postal_areas; municipality_postal_areas_map_to_multiple_dsos","38700","Kankaanpää Keskus","3","Lankosken Sähkö Oy","Lankosken Sähkö Oy","exact_feed_name_to_snapshot_name","30.00","5.26","no","Yleissiirto / general-transfer (comparison basis)","","2026-05-04","2026-05-06","unverified","yes","https://lankoski.fi/tuotteet-ja-palvelut/","https://www.sttinfo.fi/files/67340313/72011769/375325/fi","https://www.kuntaliitto.fi/kunnat/kankaanpaa","https://geo.stat.fi/geoserver/postialue/wfs?service=WFS&version=2.0.0&request=GetFeature&typeNames=postialue:pno_2026&outputFormat=application/json&count=5000&propertyName=posti_alue,nimi,kunta,pinta_ala","https://ev-shv-prod-app-wa-consumerapi1.azurewebsites.net/api/getdsocollection","Caruna Oy; Koillis-Satakunnan Sähkö Oy; Lankosken Sähkö Oy; Leppäkoski Group Oy; Vatajankoski Oy","City mapping: representative_postal_code_multiple_dso_matches; municipality_has_multiple_centre_postal_areas; municipality_postal_areas_map_to_multiple_dsos Tariff note: Official site located, but the exact 2026 general-transfer tariff row was not extracted in this pass. Unverified official match."
"214","Kankaanpää","kaupunki","unresolved","representative_postal_code_multiple_dso_matches; municipality_has_multiple_centre_postal_areas; municipality_postal_areas_map_to_multiple_dsos","38700","Kankaanpää Keskus","3","Leppäkoski Group Oy","Leppäkosken Sähkö Oy","curated_alias_to_snapshot_name","21.56","4.86","no","Yleissiirto / general-transfer (comparison basis)","","2026-05-04","2026-05-06","matched","yes","https://leppakoski.fi/wp-content/uploads/2026/03/Verkkopalveluhinnasto-1.4.2026.pdf","https://www.sttinfo.fi/files/67340313/72011769/375325/fi","https://www.kuntaliitto.fi/kunnat/kankaanpaa","https://geo.stat.fi/geoserver/postialue/wfs?service=WFS&version=2.0.0&request=GetFeature&typeNames=postialue:pno_2026&outputFormat=application/json&count=5000&propertyName=posti_alue,nimi,kunta,pinta_ala","https://ev-shv-prod-app-wa-consumerapi1.azurewebsites.net/api/getdsocollection","Caruna Oy; Koillis-Satakunnan Sähkö Oy; Lankosken Sähkö Oy; Leppäkoski Group Oy; Vatajankoski Oy","City mapping: representative_postal_code_multiple_dso_matches; municipality_has_multiple_centre_postal_areas; municipality_postal_areas_map_to_multiple_dsos Tariff note: Official 1.4.2026 3x25 A general-transfer values; VAT 25.5%, electricity tax separate. Matched."
"214","Kankaanpää","kaupunki","unresolved","representative_postal_code_multiple_dso_matches; municipality_has_multiple_centre_postal_areas; municipality_postal_areas_map_to_multiple_dsos","38700","Kankaanpää Keskus","3","Vatajankoski Oy","Vatajankoski Sähköverkko Oy","curated_alias_to_snapshot_name","21.06","5.27","no","Yleissiirto / general-transfer (comparison basis)","","2026-05-04","2026-05-06","unverified","yes","https://www.vatajankoskisahkoverkko.fi/palvelut/sahkoverkko/hinnasto-ja-ehdot/","https://www.sttinfo.fi/files/67340313/72011769/375325/fi","https://www.kuntaliitto.fi/kunnat/kankaanpaa","https://geo.stat.fi/geoserver/postialue/wfs?service=WFS&version=2.0.0&request=GetFeature&typeNames=postialue:pno_2026&outputFormat=application/json&count=5000&propertyName=posti_alue,nimi,kunta,pinta_ala","https://ev-shv-prod-app-wa-consumerapi1.azurewebsites.net/api/getdsocollection","Caruna Oy; Koillis-Satakunnan Sähkö Oy; Lankosken Sähkö Oy; Leppäkoski Group Oy; Vatajankoski Oy","City mapping: representative_postal_code_multiple_dso_matches; municipality_has_multiple_centre_postal_areas; municipality_postal_areas_map_to_multiple_dsos Tariff note: Official page currently links a 1.7.2026 tariff, but the exact comparison row was not extracted here. Unverified official match."
"217","Kannus","kaupunki","resolved_representative_only","","69100","Kannus Keskus","1","Verkko Korpela Oy","Verkko Korpela Oy","exact_feed_name_to_snapshot_name","12.78","4.15","no","Yleissiirto / general-transfer (comparison basis)","","2026-05-04","2026-05-06","matched","yes","https://www.korpelanvoima.fi/verkkopalveluhinnasto/","https://www.sttinfo.fi/files/67340313/72011769/375325/fi","https://www.kuntaliitto.fi/kunnat/kannus","https://geo.stat.fi/geoserver/postialue/wfs?service=WFS&version=2.0.0&request=GetFeature&typeNames=postialue:pno_2026&outputFormat=application/json&count=5000&propertyName=posti_alue,nimi,kunta,pinta_ala","https://ev-shv-prod-app-wa-consumerapi1.azurewebsites.net/api/getdsocollection","Verkko Korpela Oy","Tariff note: Operator site now uses Korpelan Voima branding; the located 1.1.2026 PDF is the normalized operator's tariff and matches the comparison values. Matched, branding differs."
"224","Karkkila","kaupunki","unresolved","representative_postal_code_multiple_dso_matches; municipality_postal_areas_map_to_multiple_dsos","03600","Karkkila Keskus","2","Caruna Oy","Caruna Oy","exact_feed_name_to_snapshot_name","29.71","5.26","no","Yleissiirto / general-transfer (comparison basis)","","2026-05-04","2026-05-06","matched","yes","https://caruna.fi/hinnasto","https://www.sttinfo.fi/files/67340313/72011769/375325/fi","https://www.kuntaliitto.fi/kunnat/karkkila","https://geo.stat.fi/geoserver/postialue/wfs?service=WFS&version=2.0.0&request=GetFeature&typeNames=postialue:pno_2026&outputFormat=application/json&count=5000&propertyName=posti_alue,nimi,kunta,pinta_ala","https://ev-shv-prod-app-wa-consumerapi1.azurewebsites.net/api/getdsocollection","Caruna Oy; Elenia Oy","City mapping: representative_postal_code_multiple_dso_matches; municipality_postal_areas_map_to_multiple_dsos Tariff note: Official page links the 1.1.2026 Caruna Oy tariff. Matched."
"224","Karkkila","kaupunki","unresolved","representative_postal_code_multiple_dso_matches; municipality_postal_areas_map_to_multiple_dsos","03600","Karkkila Keskus","2","Elenia Oy","Elenia Verkko Oyj","curated_alias_to_snapshot_name","22.79","5.89","no","Yleissiirto / general-transfer (comparison basis)","","2026-05-04","2026-05-06","matched","yes","https://www.elenia.fi/files/3368404e95e6e87870c3efd831994c0a6bf8b693/elenia-pienasiakkaat-hinnasto-4-2026-www-a4-fi-v2.pdf","https://www.sttinfo.fi/files/67340313/72011769/375325/fi","https://www.kuntaliitto.fi/kunnat/karkkila","https://geo.stat.fi/geoserver/postialue/wfs?service=WFS&version=2.0.0&request=GetFeature&typeNames=postialue:pno_2026&outputFormat=application/json&count=5000&propertyName=posti_alue,nimi,kunta,pinta_ala","https://ev-shv-prod-app-wa-consumerapi1.azurewebsites.net/api/getdsocollection","Caruna Oy; Elenia Oy","City mapping: representative_postal_code_multiple_dso_matches; municipality_postal_areas_map_to_multiple_dsos Tariff note: 3x25 A grouped with smaller three-phase fuses; VAT 25.5%; electricity tax separate. Matched, 2026."
"231","Kaskinen","kaupunki","resolved_with_caveat","postal_code_is_proxy_not_exact_centre","64260","Kaskinen","1","Caruna Oy","Caruna Oy","exact_feed_name_to_snapshot_name","29.71","5.26","no","Yleissiirto / general-transfer (comparison basis)","","2026-05-04","2026-05-06","matched","yes","https://caruna.fi/hinnasto","https://www.sttinfo.fi/files/67340313/72011769/375325/fi","https://www.kuntaliitto.fi/kunnat/kaskinen","https://geo.stat.fi/geoserver/postialue/wfs?service=WFS&version=2.0.0&request=GetFeature&typeNames=postialue:pno_2026&outputFormat=application/json&count=5000&propertyName=posti_alue,nimi,kunta,pinta_ala","https://ev-shv-prod-app-wa-consumerapi1.azurewebsites.net/api/getdsocollection","Caruna Oy","City mapping: postal_code_is_proxy_not_exact_centre Tariff note: Official page links the 1.1.2026 Caruna Oy tariff. Matched."
"232","Kauhajoki","kaupunki","unresolved","representative_postal_code_multiple_dso_matches; municipality_postal_areas_map_to_multiple_dsos","61800","Kauhajoki Keskus","2","Caruna Oy","Caruna Oy","exact_feed_name_to_snapshot_name","29.71","5.26","no","Yleissiirto / general-transfer (comparison basis)","","2026-05-04","2026-05-06","matched","yes","https://caruna.fi/hinnasto","https://www.sttinfo.fi/files/67340313/72011769/375325/fi","https://www.kuntaliitto.fi/kunnat/kauhajoki","https://geo.stat.fi/geoserver/postialue/wfs?service=WFS&version=2.0.0&request=GetFeature&typeNames=postialue:pno_2026&outputFormat=application/json&count=5000&propertyName=posti_alue,nimi,kunta,pinta_ala","https://ev-shv-prod-app-wa-consumerapi1.azurewebsites.net/api/getdsocollection","Caruna Oy; Vatajankoski Oy","City mapping: representative_postal_code_multiple_dso_matches; municipality_postal_areas_map_to_multiple_dsos Tariff note: Official page links the 1.1.2026 Caruna Oy tariff. Matched."
"232","Kauhajoki","kaupunki","unresolved","representative_postal_code_multiple_dso_matches; municipality_postal_areas_map_to_multiple_dsos","61800","Kauhajoki Keskus","2","Vatajankoski Oy","Vatajankoski Sähköverkko Oy","curated_alias_to_snapshot_name","21.06","5.27","no","Yleissiirto / general-transfer (comparison basis)","","2026-05-04","2026-05-06","unverified","yes","https://www.vatajankoskisahkoverkko.fi/palvelut/sahkoverkko/hinnasto-ja-ehdot/","https://www.sttinfo.fi/files/67340313/72011769/375325/fi","https://www.kuntaliitto.fi/kunnat/kauhajoki","https://geo.stat.fi/geoserver/postialue/wfs?service=WFS&version=2.0.0&request=GetFeature&typeNames=postialue:pno_2026&outputFormat=application/json&count=5000&propertyName=posti_alue,nimi,kunta,pinta_ala","https://ev-shv-prod-app-wa-consumerapi1.azurewebsites.net/api/getdsocollection","Caruna Oy; Vatajankoski Oy","City mapping: representative_postal_code_multiple_dso_matches; municipality_postal_areas_map_to_multiple_dsos Tariff note: Official page currently links a 1.7.2026 tariff, but the exact comparison row was not extracted here. Unverified official match."
"233","Kauhava","kaupunki","unresolved","representative_postal_code_multiple_dso_matches; municipality_has_multiple_centre_postal_areas; municipality_postal_areas_map_to_multiple_dsos","62200","Kauhava Keskus","3","Caruna Oy","Caruna Oy","exact_feed_name_to_snapshot_name","29.71","5.26","no","Yleissiirto / general-transfer (comparison basis)","","2026-05-04","2026-05-06","matched","yes","https://caruna.fi/hinnasto","https://www.sttinfo.fi/files/67340313/72011769/375325/fi","https://www.kuntaliitto.fi/kunnat/kauhava","https://geo.stat.fi/geoserver/postialue/wfs?service=WFS&version=2.0.0&request=GetFeature&typeNames=postialue:pno_2026&outputFormat=application/json&count=5000&propertyName=posti_alue,nimi,kunta,pinta_ala","https://ev-shv-prod-app-wa-consumerapi1.azurewebsites.net/api/getdsocollection","Caruna Oy; Elenia Oy; Esse Elektro-Kraft Ab; Jylhän Sähköosuuskunta","City mapping: representative_postal_code_multiple_dso_matches; municipality_has_multiple_centre_postal_areas; municipality_postal_areas_map_to_multiple_dsos Tariff note: Official page links the 1.1.2026 Caruna Oy tariff. Matched."
"233","Kauhava","kaupunki","unresolved","representative_postal_code_multiple_dso_matches; municipality_has_multiple_centre_postal_areas; municipality_postal_areas_map_to_multiple_dsos","62200","Kauhava Keskus","3","Esse Elektro-Kraft Ab","Esse Elektro-Kraft Ab","exact_feed_name_to_snapshot_name","9.74","5.69","no","Yleissiirto / general-transfer (comparison basis)","","2026-05-04","2026-05-06","unverified","yes","https://eekab.fi/fi/hintatiedot/","https://www.sttinfo.fi/files/67340313/72011769/375325/fi","https://www.kuntaliitto.fi/kunnat/kauhava","https://geo.stat.fi/geoserver/postialue/wfs?service=WFS&version=2.0.0&request=GetFeature&typeNames=postialue:pno_2026&outputFormat=application/json&count=5000&propertyName=posti_alue,nimi,kunta,pinta_ala","https://ev-shv-prod-app-wa-consumerapi1.azurewebsites.net/api/getdsocollection","Caruna Oy; Elenia Oy; Esse Elektro-Kraft Ab; Jylhän Sähköosuuskunta","City mapping: representative_postal_code_multiple_dso_matches; municipality_has_multiple_centre_postal_areas; municipality_postal_areas_map_to_multiple_dsos Tariff note: Official tariff located, but the tariff PDF found was dated 1.9.2024 and did not independently confirm the 2026 value. Unverified 2026 match."
"233","Kauhava","kaupunki","unresolved","representative_postal_code_multiple_dso_matches; municipality_has_multiple_centre_postal_areas; municipality_postal_areas_map_to_multiple_dsos","62200","Kauhava Keskus","3","Jylhän Sähköosuuskunta","Jylhän Sähköosuuskunta","exact_feed_name_to_snapshot_name","9.66","5.35","no","Yleissiirto / general-transfer (comparison basis)","","2026-05-04","2026-05-06","matched","yes","https://jylhaos.fi/muuttajalle/hinnastot/","https://www.sttinfo.fi/files/67340313/72011769/375325/fi","https://www.kuntaliitto.fi/kunnat/kauhava","https://geo.stat.fi/geoserver/postialue/wfs?service=WFS&version=2.0.0&request=GetFeature&typeNames=postialue:pno_2026&outputFormat=application/json&count=5000&propertyName=posti_alue,nimi,kunta,pinta_ala","https://ev-shv-prod-app-wa-consumerapi1.azurewebsites.net/api/getdsocollection","Caruna Oy; Elenia Oy; Esse Elektro-Kraft Ab; Jylhän Sähköosuuskunta","City mapping: representative_postal_code_multiple_dso_matches; municipality_has_multiple_centre_postal_areas; municipality_postal_areas_map_to_multiple_dsos Tariff note: Official 1.1.2026 `Yleistariffi`; annual fixed fee 115.86 €/year divided by 12. Matched."
"235","Kauniainen","kaupunki","resolved_with_caveat","postal_code_is_proxy_not_exact_centre","02700","Kauniainen","1","Caruna Espoo Oy","Caruna Espoo Oy","exact_feed_name_to_snapshot_name","8.18","2.77","no","Yleissiirto / general-transfer (comparison basis)","","2026-05-04","2026-05-06","matched","yes","https://caruna.fi/hinnasto","https://www.sttinfo.fi/files/67340313/72011769/375325/fi","https://www.kuntaliitto.fi/kunnat/kauniainen","https://geo.stat.fi/geoserver/postialue/wfs?service=WFS&version=2.0.0&request=GetFeature&typeNames=postialue:pno_2026&outputFormat=application/json&count=5000&propertyName=posti_alue,nimi,kunta,pinta_ala","https://ev-shv-prod-app-wa-consumerapi1.azurewebsites.net/api/getdsocollection","Caruna Espoo Oy","City mapping: postal_code_is_proxy_not_exact_centre Tariff note: Official page links the 1.1.2026 Caruna Espoo Oy tariff. Matched."
"240","Kemi","kaupunki","resolved_with_caveat","municipality_postal_areas_map_to_multiple_dsos","94100","Kemi Keskus","1","Kemin Energia ja Vesi Oy","Kemin Energia ja Vesi Oy","exact_feed_name_to_snapshot_name","10.10","3.73","no","Yleissiirto / general-transfer (comparison basis)","","2026-05-04","2026-05-06","matched","yes","https://www.kenve.fi/wp-content/uploads/2025/11/Sahkon-verkkopalveluhinnasto-01012026.pdf","https://www.sttinfo.fi/files/67340313/72011769/375325/fi","https://www.kuntaliitto.fi/kunnat/kemi","https://geo.stat.fi/geoserver/postialue/wfs?service=WFS&version=2.0.0&request=GetFeature&typeNames=postialue:pno_2026&outputFormat=application/json&count=5000&propertyName=posti_alue,nimi,kunta,pinta_ala","https://ev-shv-prod-app-wa-consumerapi1.azurewebsites.net/api/getdsocollection","Kemin Energia ja Vesi Oy; Keminmaan Energia Oy; Tenergia Oy","City mapping: municipality_postal_areas_map_to_multiple_dsos Tariff note: Official 1.1.2026 general 3x25 A tariff; electricity tax separate. Matched."
"245","Kerava","kaupunki","unresolved","representative_postal_code_multiple_dso_matches; municipality_postal_areas_map_to_multiple_dsos","04200","Kerava Keskus","3","Caruna Oy","Caruna Oy","exact_feed_name_to_snapshot_name","29.71","5.26","no","Yleissiirto / general-transfer (comparison basis)","","2026-05-04","2026-05-06","matched","yes","https://caruna.fi/hinnasto","https://www.sttinfo.fi/files/67340313/72011769/375325/fi","https://www.kuntaliitto.fi/kunnat/kerava","https://geo.stat.fi/geoserver/postialue/wfs?service=WFS&version=2.0.0&request=GetFeature&typeNames=postialue:pno_2026&outputFormat=application/json&count=5000&propertyName=posti_alue,nimi,kunta,pinta_ala","https://ev-shv-prod-app-wa-consumerapi1.azurewebsites.net/api/getdsocollection","Caruna Oy; Keravan Energia Oy; Sipoon Energia Oy; Vantaan Energia Sähköverkot Oy","City mapping: representative_postal_code_multiple_dso_matches; municipality_postal_areas_map_to_multiple_dsos Tariff note: Official page links the 1.1.2026 Caruna Oy tariff. Matched."
"245","Kerava","kaupunki","unresolved","representative_postal_code_multiple_dso_matches; municipality_postal_areas_map_to_multiple_dsos","04200","Kerava Keskus","3","Keravan Energia Oy","Keravan Energia Oy","exact_feed_name_to_snapshot_name","5.40","2.90","no","Yleissiirto / general-transfer (comparison basis)","","2026-05-04","2026-05-06","matched","yes","https://www.keravanenergia.fi/asiakaspalvelu/hinnasto/sahkonsiirron-hinnasto-kerava/","https://www.sttinfo.fi/files/67340313/72011769/375325/fi","https://www.kuntaliitto.fi/kunnat/kerava","https://geo.stat.fi/geoserver/postialue/wfs?service=WFS&version=2.0.0&request=GetFeature&typeNames=postialue:pno_2026&outputFormat=application/json&count=5000&propertyName=posti_alue,nimi,kunta,pinta_ala","https://ev-shv-prod-app-wa-consumerapi1.azurewebsites.net/api/getdsocollection","Caruna Oy; Keravan Energia Oy; Sipoon Energia Oy; Vantaan Energia Sähköverkot Oy","City mapping: representative_postal_code_multiple_dso_matches; municipality_postal_areas_map_to_multiple_dsos Tariff note: Official prices from 1.4.2026, VAT included. Matched."
"245","Kerava","kaupunki","unresolved","representative_postal_code_multiple_dso_matches; municipality_postal_areas_map_to_multiple_dsos","04200","Kerava Keskus","3","Sipoon Energia Oy","Sipoon Energia Oy","exact_feed_name_to_snapshot_name","14.00","3.05","no","Yleissiirto / general-transfer (comparison basis)","","2026-05-04","2026-05-06","matched","yes","https://www.keravanenergia.fi/asiakaspalvelu/hinnasto/sahkonsiirron-hinnasto-sipoo/","https://www.sttinfo.fi/files/67340313/72011769/375325/fi","https://www.kuntaliitto.fi/kunnat/kerava","https://geo.stat.fi/geoserver/postialue/wfs?service=WFS&version=2.0.0&request=GetFeature&typeNames=postialue:pno_2026&outputFormat=application/json&count=5000&propertyName=posti_alue,nimi,kunta,pinta_ala","https://ev-shv-prod-app-wa-consumerapi1.azurewebsites.net/api/getdsocollection","Caruna Oy; Keravan Energia Oy; Sipoon Energia Oy; Vantaan Energia Sähköverkot Oy","City mapping: representative_postal_code_multiple_dso_matches; municipality_postal_areas_map_to_multiple_dsos Tariff note: Official Keravan Energia page for Sipoon Energia shows matching 3x25 A values; operator is Sipoon Energia Oy. Matched."
"249","Keuruu","kaupunki","unresolved","representative_postal_code_multiple_dso_matches; municipality_postal_areas_map_to_multiple_dsos","42700","Keuruu Keskus","3","Elenia Oy","Elenia Verkko Oyj","curated_alias_to_snapshot_name","22.79","5.89","no","Yleissiirto / general-transfer (comparison basis)","","2026-05-04","2026-05-06","matched","yes","https://www.elenia.fi/files/3368404e95e6e87870c3efd831994c0a6bf8b693/elenia-pienasiakkaat-hinnasto-4-2026-www-a4-fi-v2.pdf","https://www.sttinfo.fi/files/67340313/72011769/375325/fi","https://www.kuntaliitto.fi/kunnat/keuruu","https://geo.stat.fi/geoserver/postialue/wfs?service=WFS&version=2.0.0&request=GetFeature&typeNames=postialue:pno_2026&outputFormat=application/json&count=5000&propertyName=posti_alue,nimi,kunta,pinta_ala","https://ev-shv-prod-app-wa-consumerapi1.azurewebsites.net/api/getdsocollection","Elenia Oy; Keuruun Sähkö Oy; Koillis-Satakunnan Sähkö Oy","City mapping: representative_postal_code_multiple_dso_matches; municipality_postal_areas_map_to_multiple_dsos Tariff note: 3x25 A grouped with smaller three-phase fuses; VAT 25.5%; electricity tax separate. Matched, 2026."
"249","Keuruu","kaupunki","unresolved","representative_postal_code_multiple_dso_matches; municipality_postal_areas_map_to_multiple_dsos","42700","Keuruu Keskus","3","Keuruun Sähkö Oy","Keuruun Sähkö Oy","exact_feed_name_to_snapshot_name","24.00","5.66","no","Yleissiirto / general-transfer (comparison basis)","","2026-05-04","2026-05-06","unverified","yes","https://www.keuruunenergia.fi/wp-content/uploads/2025/03/Keuruun_Energia_verkkopalvelumaksut_1.4.2025.pdf","https://www.sttinfo.fi/files/67340313/72011769/375325/fi","https://www.kuntaliitto.fi/kunnat/keuruu","https://geo.stat.fi/geoserver/postialue/wfs?service=WFS&version=2.0.0&request=GetFeature&typeNames=postialue:pno_2026&outputFormat=application/json&count=5000&propertyName=posti_alue,nimi,kunta,pinta_ala","https://ev-shv-prod-app-wa-consumerapi1.azurewebsites.net/api/getdsocollection","Elenia Oy; Keuruun Sähkö Oy; Koillis-Satakunnan Sähkö Oy","City mapping: representative_postal_code_multiple_dso_matches; municipality_postal_areas_map_to_multiple_dsos Tariff note: Located official tariff is dated 1.4.2025 and shows a different general 3x25 A fixed fee; no official 2026 tariff matching 24.00 €/month was confirmed. Category/date mismatch or unverified 2026 value."
"249","Keuruu","kaupunki","unresolved","representative_postal_code_multiple_dso_matches; municipality_postal_areas_map_to_multiple_dsos","42700","Keuruu Keskus","3","Koillis-Satakunnan Sähkö Oy","Koillis-Satakunnan Sähkö Oy","exact_feed_name_to_snapshot_name","21.12","5.12","no","Yleissiirto / general-transfer (comparison basis)","","2026-05-04","2026-05-06","matched","yes","https://ksat.fi/wp-content/uploads/2025/11/Toimitushinnasto-verkkopalvelu-1.1.2026.pdf","https://www.sttinfo.fi/files/67340313/72011769/375325/fi","https://www.kuntaliitto.fi/kunnat/keuruu","https://geo.stat.fi/geoserver/postialue/wfs?service=WFS&version=2.0.0&request=GetFeature&typeNames=postialue:pno_2026&outputFormat=application/json&count=5000&propertyName=posti_alue,nimi,kunta,pinta_ala","https://ev-shv-prod-app-wa-consumerapi1.azurewebsites.net/api/getdsocollection","Elenia Oy; Keuruun Sähkö Oy; Koillis-Satakunnan Sähkö Oy","City mapping: representative_postal_code_multiple_dso_matches; municipality_postal_areas_map_to_multiple_dsos Tariff note: Official 1.1.2026 tariff, VAT 25.5%, matching 3x25/1x35 general product. Matched."
"260","Kitee","kaupunki","resolved_with_caveat","municipality_has_multiple_centre_postal_areas; municipality_postal_areas_map_to_multiple_dsos","82500","Kitee Keskus","1","PKS Sähkösiirto Oy","PKS Sähkönsiirto Oy","curated_alias_to_snapshot_name","42.04","5.46","no","Yleissiirto / general-transfer (comparison basis)","","2026-05-04","2026-05-06","snapshot_later_tariff_differs","yes","https://pkssahkonsiirto.fi/wp-content/uploads/pkss_verkkopalveluhinnasto_01072025.pdf","https://www.sttinfo.fi/files/67340313/72011769/375325/fi","https://www.kuntaliitto.fi/kunnat/kitee","https://geo.stat.fi/geoserver/postialue/wfs?service=WFS&version=2.0.0&request=GetFeature&typeNames=postialue:pno_2026&outputFormat=application/json&count=5000&propertyName=posti_alue,nimi,kunta,pinta_ala","https://ev-shv-prod-app-wa-consumerapi1.azurewebsites.net/api/getdsocollection","Caruna Oy; PKS Sähkösiirto Oy; Parikkalan Valo Oy","City mapping: municipality_has_multiple_centre_postal_areas; municipality_postal_areas_map_to_multiple_dsos Tariff note: Official 1.7.2025 tariff gives 42.04 €/month and 5.463 c/kWh, rounded here to 5.46; electricity tax separately listed. Current 1.7.2026 tariff shows 42.00 €/month. Snapshot matched; later tariff differs slightly."
"263","Kiuruvesi","kaupunki","unresolved","representative_postal_code_multiple_dso_matches; municipality_postal_areas_map_to_multiple_dsos","74700","Kiuruvesi Keskus","2","Elenia Oy","Elenia Verkko Oyj","curated_alias_to_snapshot_name","22.79","5.89","no","Yleissiirto / general-transfer (comparison basis)","","2026-05-04","2026-05-06","matched","yes","https://www.elenia.fi/files/3368404e95e6e87870c3efd831994c0a6bf8b693/elenia-pienasiakkaat-hinnasto-4-2026-www-a4-fi-v2.pdf","https://www.sttinfo.fi/files/67340313/72011769/375325/fi","https://www.kuntaliitto.fi/kunnat/kiuruvesi","https://geo.stat.fi/geoserver/postialue/wfs?service=WFS&version=2.0.0&request=GetFeature&typeNames=postialue:pno_2026&outputFormat=application/json&count=5000&propertyName=posti_alue,nimi,kunta,pinta_ala","https://ev-shv-prod-app-wa-consumerapi1.azurewebsites.net/api/getdsocollection","Elenia Oy; Savon Voima Verkko Oy","City mapping: representative_postal_code_multiple_dso_matches; municipality_postal_areas_map_to_multiple_dsos Tariff note: 3x25 A grouped with smaller three-phase fuses; VAT 25.5%; electricity tax separate. Matched, 2026."
"263","Kiuruvesi","kaupunki","unresolved","representative_postal_code_multiple_dso_matches; municipality_postal_areas_map_to_multiple_dsos","74700","Kiuruvesi Keskus","2","Savon Voima Verkko Oy","Savon Voima Verkko Oy","exact_feed_name_to_snapshot_name","36.80","5.20","no","Yleissiirto / general-transfer (comparison basis)","","2026-05-04","2026-05-06","matched","yes","https://savonvoima.fi/hinnastot-ja-sopimusehdot/verkkopalveluhinnasto/","https://www.sttinfo.fi/files/67340313/72011769/375325/fi","https://www.kuntaliitto.fi/kunnat/kiuruvesi","https://geo.stat.fi/geoserver/postialue/wfs?service=WFS&version=2.0.0&request=GetFeature&typeNames=postialue:pno_2026&outputFormat=application/json&count=5000&propertyName=posti_alue,nimi,kunta,pinta_ala","https://ev-shv-prod-app-wa-consumerapi1.azurewebsites.net/api/getdsocollection","Elenia Oy; Savon Voima Verkko Oy","City mapping: representative_postal_code_multiple_dso_matches; municipality_postal_areas_map_to_multiple_dsos Tariff note: Official tariff effective 1.6.2026 shows matching 3x25 A general values and tax separately. Matched."
"271","Kokemäki","kaupunki","unresolved","representative_postal_code_multiple_dso_matches; municipality_postal_areas_map_to_multiple_dsos","32800","Kokemäki Keskus","4","Caruna Oy","Caruna Oy","exact_feed_name_to_snapshot_name","29.71","5.26","no","Yleissiirto / general-transfer (comparison basis)","","2026-05-04","2026-05-06","matched","yes","https://caruna.fi/hinnasto","https://www.sttinfo.fi/files/67340313/72011769/375325/fi","https://www.kuntaliitto.fi/kunnat/kokemaki","https://geo.stat.fi/geoserver/postialue/wfs?service=WFS&version=2.0.0&request=GetFeature&typeNames=postialue:pno_2026&outputFormat=application/json&count=5000&propertyName=posti_alue,nimi,kunta,pinta_ala","https://ev-shv-prod-app-wa-consumerapi1.azurewebsites.net/api/getdsocollection","Caruna Oy; Kokemäen Sähkö Oy; Lammaisten Energia Oy; Sallila Sähkönsiirto Oy","City mapping: representative_postal_code_multiple_dso_matches; municipality_postal_areas_map_to_multiple_dsos Tariff note: Official page links the 1.1.2026 Caruna Oy tariff. Matched."
"271","Kokemäki","kaupunki","unresolved","representative_postal_code_multiple_dso_matches; municipality_postal_areas_map_to_multiple_dsos","32800","Kokemäki Keskus","4","Kokemäen Sähkö Oy","Kokemäen Sähkö Oy","exact_feed_name_to_snapshot_name","23.23","5.11","no","Yleissiirto / general-transfer (comparison basis)","","2026-05-04","2026-05-06","older_but_matching","yes","https://kokemaensahko.fi/siirtohinnasto/","https://www.sttinfo.fi/files/67340313/72011769/375325/fi","https://www.kuntaliitto.fi/kunnat/kokemaki","https://geo.stat.fi/geoserver/postialue/wfs?service=WFS&version=2.0.0&request=GetFeature&typeNames=postialue:pno_2026&outputFormat=application/json&count=5000&propertyName=posti_alue,nimi,kunta,pinta_ala","https://ev-shv-prod-app-wa-consumerapi1.azurewebsites.net/api/getdsocollection","Caruna Oy; Kokemäen Sähkö Oy; Lammaisten Energia Oy; Sallila Sähkönsiirto Oy","City mapping: representative_postal_code_multiple_dso_matches; municipality_postal_areas_map_to_multiple_dsos Tariff note: Official tariff effective 1.9.2024 onward matches and is stated VAT-inclusive; no newer 2026-labelled tariff located. Older but matching."
"271","Kokemäki","kaupunki","unresolved","representative_postal_code_multiple_dso_matches; municipality_postal_areas_map_to_multiple_dsos","32800","Kokemäki Keskus","4","Lammaisten Energia Oy","Lammaisten Energia Oy","exact_feed_name_to_snapshot_name","17.26","4.83","no","Yleissiirto / general-transfer (comparison basis)","","2026-05-04","2026-05-06","older_but_matching","yes","https://lammaistenenergia.fi/shared/files/Verkkopalveluhinnasto%201.9.2024.pdf","https://www.sttinfo.fi/files/67340313/72011769/375325/fi","https://www.kuntaliitto.fi/kunnat/kokemaki","https://geo.stat.fi/geoserver/postialue/wfs?service=WFS&version=2.0.0&request=GetFeature&typeNames=postialue:pno_2026&outputFormat=application/json&count=5000&propertyName=posti_alue,nimi,kunta,pinta_ala","https://ev-shv-prod-app-wa-consumerapi1.azurewebsites.net/api/getdsocollection","Caruna Oy; Kokemäen Sähkö Oy; Lammaisten Energia Oy; Sallila Sähkönsiirto Oy","City mapping: representative_postal_code_multiple_dso_matches; municipality_postal_areas_map_to_multiple_dsos Tariff note: Official 1.9.2024 tariff matches; no newer 2026-labelled tariff located. Older but matching."
"271","Kokemäki","kaupunki","unresolved","representative_postal_code_multiple_dso_matches; municipality_postal_areas_map_to_multiple_dsos","32800","Kokemäki Keskus","4","Sallila Sähkönsiirto Oy","Sallila Sähkönsiirto Oy","exact_feed_name_to_snapshot_name","22.30","4.48","no","Yleissiirto / general-transfer (comparison basis)","","2026-05-04","2026-05-06","matched","yes","https://sallila.fi/sahkoverkko/tuotteet-ja-hinnasto/verkkopalveluhinnat/","https://www.sttinfo.fi/files/67340313/72011769/375325/fi","https://www.kuntaliitto.fi/kunnat/kokemaki","https://geo.stat.fi/geoserver/postialue/wfs?service=WFS&version=2.0.0&request=GetFeature&typeNames=postialue:pno_2026&outputFormat=application/json&count=5000&propertyName=posti_alue,nimi,kunta,pinta_ala","https://ev-shv-prod-app-wa-consumerapi1.azurewebsites.net/api/getdsocollection","Caruna Oy; Kokemäen Sähkö Oy; Lammaisten Energia Oy; Sallila Sähkönsiirto Oy","City mapping: representative_postal_code_multiple_dso_matches; municipality_postal_areas_map_to_multiple_dsos Tariff note: Official page shows matching current general 3x25 A values and VAT 25.5%; March 2026 increase explains the comparison change. Matched."
"272","Kokkola","kaupunki","unresolved","representative_postal_code_multiple_dso_matches; municipality_has_multiple_centre_postal_areas; municipality_postal_areas_map_to_multiple_dsos","67100","Kokkola Keskus","4","Kokkolan Energiaverkot Oy","Kokkolan Energiaverkot Oy","exact_feed_name_to_snapshot_name","9.11","4.35","no","Yleissiirto / general-transfer (comparison basis)","","2026-05-04","2026-05-06","matched","yes","https://www.kokkolanenergia.fi/application/files/7517/6917/1339/Verkkopalveluhinnasto_2026.pdf","https://www.sttinfo.fi/files/67340313/72011769/375325/fi","https://www.kuntaliitto.fi/kunnat/kokkola","https://geo.stat.fi/geoserver/postialue/wfs?service=WFS&version=2.0.0&request=GetFeature&typeNames=postialue:pno_2026&outputFormat=application/json&count=5000&propertyName=posti_alue,nimi,kunta,pinta_ala","https://ev-shv-prod-app-wa-consumerapi1.azurewebsites.net/api/getdsocollection","Herrfors Nät-Verkko Oy Ab; Kokkolan Energiaverkot Oy; Kronoby Elverk Ab; Verkko Korpela Oy; Vetelin Energia Oy","City mapping: representative_postal_code_multiple_dso_matches; municipality_has_multiple_centre_postal_areas; municipality_postal_areas_map_to_multiple_dsos Tariff note: Official 22.1.2026 tariff, 3x25 A, VAT 25.5%. Matched."
"272","Kokkola","kaupunki","unresolved","representative_postal_code_multiple_dso_matches; municipality_has_multiple_centre_postal_areas; municipality_postal_areas_map_to_multiple_dsos","67100","Kokkola Keskus","4","Kronoby Elverk Ab","Kronoby Elverk Ab","exact_feed_name_to_snapshot_name","12.02","5.21","no","Yleissiirto / general-transfer (comparison basis)","","2026-05-04","2026-05-06","older_but_matching","yes","https://kronobyelverk.fi/kommande-tariffer/","https://www.sttinfo.fi/files/67340313/72011769/375325/fi","https://www.kuntaliitto.fi/kunnat/kokkola","https://geo.stat.fi/geoserver/postialue/wfs?service=WFS&version=2.0.0&request=GetFeature&typeNames=postialue:pno_2026&outputFormat=application/json&count=5000&propertyName=posti_alue,nimi,kunta,pinta_ala","https://ev-shv-prod-app-wa-consumerapi1.azurewebsites.net/api/getdsocollection","Herrfors Nät-Verkko Oy Ab; Kokkolan Energiaverkot Oy; Kronoby Elverk Ab; Verkko Korpela Oy; Vetelin Energia Oy","City mapping: representative_postal_code_multiple_dso_matches; municipality_has_multiple_centre_postal_areas; municipality_postal_areas_map_to_multiple_dsos Tariff note: Official 1.10.2025 `Normaltariff`; annual fixed fee divided by 12 and transfer charge separated from tax. Older but matching."
"272","Kokkola","kaupunki","unresolved","representative_postal_code_multiple_dso_matches; municipality_has_multiple_centre_postal_areas; municipality_postal_areas_map_to_multiple_dsos","67100","Kokkola Keskus","4","Verkko Korpela Oy","Verkko Korpela Oy","exact_feed_name_to_snapshot_name","12.78","4.15","no","Yleissiirto / general-transfer (comparison basis)","","2026-05-04","2026-05-06","matched","yes","https://www.korpelanvoima.fi/verkkopalveluhinnasto/","https://www.sttinfo.fi/files/67340313/72011769/375325/fi","https://www.kuntaliitto.fi/kunnat/kokkola","https://geo.stat.fi/geoserver/postialue/wfs?service=WFS&version=2.0.0&request=GetFeature&typeNames=postialue:pno_2026&outputFormat=application/json&count=5000&propertyName=posti_alue,nimi,kunta,pinta_ala","https://ev-shv-prod-app-wa-consumerapi1.azurewebsites.net/api/getdsocollection","Herrfors Nät-Verkko Oy Ab; Kokkolan Energiaverkot Oy; Kronoby Elverk Ab; Verkko Korpela Oy; Vetelin Energia Oy","City mapping: representative_postal_code_multiple_dso_matches; municipality_has_multiple_centre_postal_areas; municipality_postal_areas_map_to_multiple_dsos Tariff note: Operator site now uses Korpelan Voima branding; the located 1.1.2026 PDF is the normalized operator's tariff and matches the comparison values. Matched, branding differs."
"272","Kokkola","kaupunki","unresolved","representative_postal_code_multiple_dso_matches; municipality_has_multiple_centre_postal_areas; municipality_postal_areas_map_to_multiple_dsos","67100","Kokkola Keskus","4","Vetelin Energia Oy","Vetelin Energia Oy","exact_feed_name_to_snapshot_name","16.43","5.69","no","Yleissiirto / general-transfer (comparison basis)","","2026-05-04","2026-05-06","official_source_not_found","yes","","https://www.sttinfo.fi/files/67340313/72011769/375325/fi","https://www.kuntaliitto.fi/kunnat/kokkola","https://geo.stat.fi/geoserver/postialue/wfs?service=WFS&version=2.0.0&request=GetFeature&typeNames=postialue:pno_2026&outputFormat=application/json&count=5000&propertyName=posti_alue,nimi,kunta,pinta_ala","https://ev-shv-prod-app-wa-consumerapi1.azurewebsites.net/api/getdsocollection","Herrfors Nät-Verkko Oy Ab; Kokkolan Energiaverkot Oy; Kronoby Elverk Ab; Verkko Korpela Oy; Vetelin Energia Oy","City mapping: representative_postal_code_multiple_dso_matches; municipality_has_multiple_centre_postal_areas; municipality_postal_areas_map_to_multiple_dsos Tariff note: No official tariff PDF/page was confirmed in this pass. Official tariff not found."
"285","Kotka","kaupunki","resolved_with_caveat","postal_code_is_proxy_not_exact_centre","48100","Kotkansaari","1","Kymenlaakson Sähköverkko Oy","Kymenlaakson Sähköverkko Oy","exact_feed_name_to_snapshot_name","23.87","2.85","no","Yleissiirto / general-transfer (comparison basis)","","2026-05-04","2026-05-06","snapshot_value","yes","https://www.ksoy.fi/hinnastot-ja-ehdot/pienasiakkaiden-verkkopalveluhinnasto/","https://www.sttinfo.fi/files/67340313/72011769/375325/fi","https://www.kuntaliitto.fi/kunnat/kotka","https://geo.stat.fi/geoserver/postialue/wfs?service=WFS&version=2.0.0&request=GetFeature&typeNames=postialue:pno_2026&outputFormat=application/json&count=5000&propertyName=posti_alue,nimi,kunta,pinta_ala","https://ev-shv-prod-app-wa-consumerapi1.azurewebsites.net/api/getdsocollection","Kymenlaakson Sähköverkko Oy","City mapping: postal_code_is_proxy_not_exact_centre Tariff note: Official page shows 3x25/1x35 general fee and 2.845 c/kWh rounded to 2.85; the tariff archive references 1.11.2024. Older/unchanged but matching."
"286","Kouvola","kaupunki","unresolved","representative_postal_code_multiple_dso_matches; municipality_has_multiple_centre_postal_areas; municipality_postal_areas_map_to_multiple_dsos","45100","Kouvola Keskus","3","Järvi-Suomen Energia Oy","Järvi-Suomen Energia Oy","exact_feed_name_to_snapshot_name","44.44","5.14","no","Yleissiirto / general-transfer (comparison basis)","","2026-05-04","2026-05-06","snapshot_later_tariff_differs","yes","https://www.jseoy.fi/wp-content/uploads/2025/09/verkkopalveluhinnasto-1.7.2025-alkaen-saavutettava-1.1.pdf","https://www.sttinfo.fi/files/67340313/72011769/375325/fi","https://www.kuntaliitto.fi/kunnat/kouvola","https://geo.stat.fi/geoserver/postialue/wfs?service=WFS&version=2.0.0&request=GetFeature&typeNames=postialue:pno_2026&outputFormat=application/json&count=5000&propertyName=posti_alue,nimi,kunta,pinta_ala","https://ev-shv-prod-app-wa-consumerapi1.azurewebsites.net/api/getdsocollection","Järvi-Suomen Energia Oy; KSS Verkko Oy; Kymenlaakson Sähköverkko Oy; Lappeenrannan Energiaverkot Oy","City mapping: representative_postal_code_multiple_dso_matches; municipality_has_multiple_centre_postal_areas; municipality_postal_areas_map_to_multiple_dsos Tariff note: Historical official 1.7.2025 tariff matches the snapshot. Official current tariff effective 1.7.2026 shows a later fixed fee of 47.55 €/month. Snapshot matched; later tariff differs."
"286","Kouvola","kaupunki","unresolved","representative_postal_code_multiple_dso_matches; municipality_has_multiple_centre_postal_areas; municipality_postal_areas_map_to_multiple_dsos","45100","Kouvola Keskus","3","KSS Verkko Oy","KSS Verkko Oy","exact_feed_name_to_snapshot_name","13.40","4.09","no","Yleissiirto / general-transfer (comparison basis)","","2026-05-04","2026-05-06","older_but_matching","yes","https://assets.ctfassets.net/79vzmppdwnqd/N27nme764Yx3IAH3g4FCB/5b5d378f0ce7f3d1db8fe8cb7075f4ad/KSS_V_Verkkopalvelumaksut_1.1.2025_kk-hinnat.pdf","https://www.sttinfo.fi/files/67340313/72011769/375325/fi","https://www.kuntaliitto.fi/kunnat/kouvola","https://geo.stat.fi/geoserver/postialue/wfs?service=WFS&version=2.0.0&request=GetFeature&typeNames=postialue:pno_2026&outputFormat=application/json&count=5000&propertyName=posti_alue,nimi,kunta,pinta_ala","https://ev-shv-prod-app-wa-consumerapi1.azurewebsites.net/api/getdsocollection","Järvi-Suomen Energia Oy; KSS Verkko Oy; Kymenlaakson Sähköverkko Oy; Lappeenrannan Energiaverkot Oy","City mapping: representative_postal_code_multiple_dso_matches; municipality_has_multiple_centre_postal_areas; municipality_postal_areas_map_to_multiple_dsos Tariff note: Official 1.1.2025 tariff shows matching 3x25 A general values and separate tax. Older but matching."
"286","Kouvola","kaupunki","unresolved","representative_postal_code_multiple_dso_matches; municipality_has_multiple_centre_postal_areas; municipality_postal_areas_map_to_multiple_dsos","45100","Kouvola Keskus","3","Kymenlaakson Sähköverkko Oy","Kymenlaakson Sähköverkko Oy","exact_feed_name_to_snapshot_name","23.87","2.85","no","Yleissiirto / general-transfer (comparison basis)","","2026-05-04","2026-05-06","snapshot_value","yes","https://www.ksoy.fi/hinnastot-ja-ehdot/pienasiakkaiden-verkkopalveluhinnasto/","https://www.sttinfo.fi/files/67340313/72011769/375325/fi","https://www.kuntaliitto.fi/kunnat/kouvola","https://geo.stat.fi/geoserver/postialue/wfs?service=WFS&version=2.0.0&request=GetFeature&typeNames=postialue:pno_2026&outputFormat=application/json&count=5000&propertyName=posti_alue,nimi,kunta,pinta_ala","https://ev-shv-prod-app-wa-consumerapi1.azurewebsites.net/api/getdsocollection","Järvi-Suomen Energia Oy; KSS Verkko Oy; Kymenlaakson Sähköverkko Oy; Lappeenrannan Energiaverkot Oy","City mapping: representative_postal_code_multiple_dso_matches; municipality_has_multiple_centre_postal_areas; municipality_postal_areas_map_to_multiple_dsos Tariff note: Official page shows 3x25/1x35 general fee and 2.845 c/kWh rounded to 2.85; the tariff archive references 1.11.2024. Older/unchanged but matching."
"287","Kristiinankaupunki","kaupunki","unresolved","representative_postal_code_multiple_dso_matches; municipality_postal_areas_map_to_multiple_dsos","64100","Kristiinankaupunki keskus","2","Caruna Oy","Caruna Oy","exact_feed_name_to_snapshot_name","29.71","5.26","no","Yleissiirto / general-transfer (comparison basis)","","2026-05-04","2026-05-06","matched","yes","https://caruna.fi/hinnasto","https://www.sttinfo.fi/files/67340313/72011769/375325/fi","https://www.kuntaliitto.fi/kunnat/kristiinankaupunki","https://geo.stat.fi/geoserver/postialue/wfs?service=WFS&version=2.0.0&request=GetFeature&typeNames=postialue:pno_2026&outputFormat=application/json&count=5000&propertyName=posti_alue,nimi,kunta,pinta_ala","https://ev-shv-prod-app-wa-consumerapi1.azurewebsites.net/api/getdsocollection","Caruna Oy; Lankosken Sähkö Oy","City mapping: representative_postal_code_multiple_dso_matches; municipality_postal_areas_map_to_multiple_dsos Tariff note: Official page links the 1.1.2026 Caruna Oy tariff. Matched."
"287","Kristiinankaupunki","kaupunki","unresolved","representative_postal_code_multiple_dso_matches; municipality_postal_areas_map_to_multiple_dsos","64100","Kristiinankaupunki keskus","2","Lankosken Sähkö Oy","Lankosken Sähkö Oy","exact_feed_name_to_snapshot_name","30.00","5.26","no","Yleissiirto / general-transfer (comparison basis)","","2026-05-04","2026-05-06","unverified","yes","https://lankoski.fi/tuotteet-ja-palvelut/","https://www.sttinfo.fi/files/67340313/72011769/375325/fi","https://www.kuntaliitto.fi/kunnat/kristiinankaupunki","https://geo.stat.fi/geoserver/postialue/wfs?service=WFS&version=2.0.0&request=GetFeature&typeNames=postialue:pno_2026&outputFormat=application/json&count=5000&propertyName=posti_alue,nimi,kunta,pinta_ala","https://ev-shv-prod-app-wa-consumerapi1.azurewebsites.net/api/getdsocollection","Caruna Oy; Lankosken Sähkö Oy","City mapping: representative_postal_code_multiple_dso_matches; municipality_postal_areas_map_to_multiple_dsos Tariff note: Official site located, but the exact 2026 general-transfer tariff row was not extracted in this pass. Unverified official match."
"290","Kuhmo","kaupunki","resolved_representative_only","","88900","Kuhmo Keskus","1","Kajave Oy","Kajave Oy","exact_feed_name_to_snapshot_name","41.80","5.75","no","Yleissiirto / general-transfer (comparison basis)","","2026-05-04","2026-05-06","matched","yes","https://www.kajave.fi/app/uploads/sites/3/2026/06/kajave_hinnasto_verkkopalvelu_01062026.pdf","https://www.sttinfo.fi/files/67340313/72011769/375325/fi","https://www.kuntaliitto.fi/kunnat/kuhmo","https://geo.stat.fi/geoserver/postialue/wfs?service=WFS&version=2.0.0&request=GetFeature&typeNames=postialue:pno_2026&outputFormat=application/json&count=5000&propertyName=posti_alue,nimi,kunta,pinta_ala","https://ev-shv-prod-app-wa-consumerapi1.azurewebsites.net/api/getdsocollection","Kajave Oy","Tariff note: Official 1.6.2026 tariff has two 3x25 A general-fee categories by number of usage points: 41.80 €/month for 1–2 points and 25.70 €/month for 3 or more. The source row uses the 41.80 category. Matched with usage-point category caveat."
"297","Kuopio","kaupunki","unresolved","representative_postal_code_multiple_dso_matches; municipality_has_multiple_centre_postal_areas; municipality_postal_areas_map_to_multiple_dsos","70100","Kuopio Keskus","2","Kuopion Energia Oy","Kuopion Sähköverkko Oy","curated_alias_to_snapshot_name","6.78","3.21","no","Yleissiirto / general-transfer (comparison basis)","","2026-05-04","2026-05-06","older_but_matching","yes","https://www.kuopionenergia.fi/wp-content/uploads/2026/03/ke_sahkoverkon_verkkopalveluhinnasto_20260326.pdf","https://www.sttinfo.fi/files/67340313/72011769/375325/fi","https://www.kuntaliitto.fi/kunnat/kuopio","https://geo.stat.fi/geoserver/postialue/wfs?service=WFS&version=2.0.0&request=GetFeature&typeNames=postialue:pno_2026&outputFormat=application/json&count=5000&propertyName=posti_alue,nimi,kunta,pinta_ala","https://ev-shv-prod-app-wa-consumerapi1.azurewebsites.net/api/getdsocollection","Kuopion Energia Oy; PKS Sähkösiirto Oy; Savon Voima Verkko Oy","City mapping: representative_postal_code_multiple_dso_matches; municipality_has_multiple_centre_postal_areas; municipality_postal_areas_map_to_multiple_dsos Tariff note: Official tariff states effective 1.12.2024 and matches the 2026 comparison values. Older but matching."
"297","Kuopio","kaupunki","unresolved","representative_postal_code_multiple_dso_matches; municipality_has_multiple_centre_postal_areas; municipality_postal_areas_map_to_multiple_dsos","70100","Kuopio Keskus","2","Savon Voima Verkko Oy","Savon Voima Verkko Oy","exact_feed_name_to_snapshot_name","36.80","5.20","no","Yleissiirto / general-transfer (comparison basis)","","2026-05-04","2026-05-06","matched","yes","https://savonvoima.fi/hinnastot-ja-sopimusehdot/verkkopalveluhinnasto/","https://www.sttinfo.fi/files/67340313/72011769/375325/fi","https://www.kuntaliitto.fi/kunnat/kuopio","https://geo.stat.fi/geoserver/postialue/wfs?service=WFS&version=2.0.0&request=GetFeature&typeNames=postialue:pno_2026&outputFormat=application/json&count=5000&propertyName=posti_alue,nimi,kunta,pinta_ala","https://ev-shv-prod-app-wa-consumerapi1.azurewebsites.net/api/getdsocollection","Kuopion Energia Oy; PKS Sähkösiirto Oy; Savon Voima Verkko Oy","City mapping: representative_postal_code_multiple_dso_matches; municipality_has_multiple_centre_postal_areas; municipality_postal_areas_map_to_multiple_dsos Tariff note: Official tariff effective 1.6.2026 shows matching 3x25 A general values and tax separately. Matched."
"301","Kurikka","kaupunki","resolved_with_caveat","municipality_has_multiple_centre_postal_areas; municipality_postal_areas_map_to_multiple_dsos","61300","Kurikka Keskus","1","Caruna Oy","Caruna Oy","exact_feed_name_to_snapshot_name","29.71","5.26","no","Yleissiirto / general-transfer (comparison basis)","","2026-05-04","2026-05-06","matched","yes","https://caruna.fi/hinnasto","https://www.sttinfo.fi/files/67340313/72011769/375325/fi","https://www.kuntaliitto.fi/kunnat/kurikka","https://geo.stat.fi/geoserver/postialue/wfs?service=WFS&version=2.0.0&request=GetFeature&typeNames=postialue:pno_2026&outputFormat=application/json&count=5000&propertyName=posti_alue,nimi,kunta,pinta_ala","https://ev-shv-prod-app-wa-consumerapi1.azurewebsites.net/api/getdsocollection","Caruna Oy; Leppäkoski Group Oy; Vaasan Sähköverkko Oy; Vatajankoski Oy","City mapping: municipality_has_multiple_centre_postal_areas; municipality_postal_areas_map_to_multiple_dsos Tariff note: Official page links the 1.1.2026 Caruna Oy tariff. Matched."
"305","Kuusamo","kaupunki","resolved_with_caveat","postal_code_is_proxy_not_exact_centre","93600","Kuusamo","1","Caruna Oy","Caruna Oy","exact_feed_name_to_snapshot_name","29.71","5.26","no","Yleissiirto / general-transfer (comparison basis)","","2026-05-04","2026-05-06","matched","yes","https://caruna.fi/hinnasto","https://www.sttinfo.fi/files/67340313/72011769/375325/fi","https://www.kuntaliitto.fi/kunnat/kuusamo","https://geo.stat.fi/geoserver/postialue/wfs?service=WFS&version=2.0.0&request=GetFeature&typeNames=postialue:pno_2026&outputFormat=application/json&count=5000&propertyName=posti_alue,nimi,kunta,pinta_ala","https://ev-shv-prod-app-wa-consumerapi1.azurewebsites.net/api/getdsocollection","Caruna Oy","City mapping: postal_code_is_proxy_not_exact_centre Tariff note: Official page links the 1.1.2026 Caruna Oy tariff. Matched."
"309","Outokumpu","kaupunki","unresolved","representative_postal_code_multiple_dso_matches; municipality_postal_areas_map_to_multiple_dsos","83500","Outokumpu Keskus","2","Outokummun Energia Oy","Okun Energia Oy","curated_alias_to_snapshot_name","42.40","4.99","no","Yleissiirto / general-transfer (comparison basis)","","2026-05-04","2026-05-06","matched","yes","https://outokummunenergia.fi/sahko/sahkonsiirto/","https://www.sttinfo.fi/files/67340313/72011769/375325/fi","https://www.kuntaliitto.fi/kunnat/outokumpu","https://geo.stat.fi/geoserver/postialue/wfs?service=WFS&version=2.0.0&request=GetFeature&typeNames=postialue:pno_2026&outputFormat=application/json&count=5000&propertyName=posti_alue,nimi,kunta,pinta_ala","https://ev-shv-prod-app-wa-consumerapi1.azurewebsites.net/api/getdsocollection","Outokummun Energia Oy; PKS Sähkösiirto Oy","City mapping: representative_postal_code_multiple_dso_matches; municipality_postal_areas_map_to_multiple_dsos Tariff note: Official page labels the tariff effective 1.1.2026 and shows 1x25–3x25 A at 42.40 €/month and 4.99 c/kWh. Matched."
"309","Outokumpu","kaupunki","unresolved","representative_postal_code_multiple_dso_matches; municipality_postal_areas_map_to_multiple_dsos","83500","Outokumpu Keskus","2","PKS Sähkösiirto Oy","PKS Sähkönsiirto Oy","curated_alias_to_snapshot_name","42.04","5.46","no","Yleissiirto / general-transfer (comparison basis)","","2026-05-04","2026-05-06","snapshot_later_tariff_differs","yes","https://pkssahkonsiirto.fi/wp-content/uploads/pkss_verkkopalveluhinnasto_01072025.pdf","https://www.sttinfo.fi/files/67340313/72011769/375325/fi","https://www.kuntaliitto.fi/kunnat/outokumpu","https://geo.stat.fi/geoserver/postialue/wfs?service=WFS&version=2.0.0&request=GetFeature&typeNames=postialue:pno_2026&outputFormat=application/json&count=5000&propertyName=posti_alue,nimi,kunta,pinta_ala","https://ev-shv-prod-app-wa-consumerapi1.azurewebsites.net/api/getdsocollection","Outokummun Energia Oy; PKS Sähkösiirto Oy","City mapping: representative_postal_code_multiple_dso_matches; municipality_postal_areas_map_to_multiple_dsos Tariff note: Official 1.7.2025 tariff gives 42.04 €/month and 5.463 c/kWh, rounded here to 5.46; electricity tax separately listed. Current 1.7.2026 tariff shows 42.00 €/month. Snapshot matched; later tariff differs slightly."
"320","Kemijärvi","kaupunki","unresolved","representative_postal_code_multiple_dso_matches; municipality_postal_areas_map_to_multiple_dsos","98100","Kemijärvi Keskus","3","Caruna Oy","Caruna Oy","exact_feed_name_to_snapshot_name","29.71","5.26","no","Yleissiirto / general-transfer (comparison basis)","","2026-05-04","2026-05-06","matched","yes","https://caruna.fi/hinnasto","https://www.sttinfo.fi/files/67340313/72011769/375325/fi","https://www.kuntaliitto.fi/kunnat/kemijarvi","https://geo.stat.fi/geoserver/postialue/wfs?service=WFS&version=2.0.0&request=GetFeature&typeNames=postialue:pno_2026&outputFormat=application/json&count=5000&propertyName=posti_alue,nimi,kunta,pinta_ala","https://ev-shv-prod-app-wa-consumerapi1.azurewebsites.net/api/getdsocollection","Caruna Oy; Koillis-Lapin Sähkö Oy; Rovakaira Oy","City mapping: representative_postal_code_multiple_dso_matches; municipality_postal_areas_map_to_multiple_dsos Tariff note: Official page links the 1.1.2026 Caruna Oy tariff. Matched."
"320","Kemijärvi","kaupunki","unresolved","representative_postal_code_multiple_dso_matches; municipality_postal_areas_map_to_multiple_dsos","98100","Kemijärvi Keskus","3","Koillis-Lapin Sähkö Oy","Koillis-Lapin Sähkö Oy","exact_feed_name_to_snapshot_name","18.20","4.15","no","Yleissiirto / general-transfer (comparison basis)","","2026-05-04","2026-05-06","older_but_matching","yes","https://www.koillislapinsahko.fi/application/files/5117/2855/0394/1_VerkkopalveluHinnasto_01092024.pdf","https://www.sttinfo.fi/files/67340313/72011769/375325/fi","https://www.kuntaliitto.fi/kunnat/kemijarvi","https://geo.stat.fi/geoserver/postialue/wfs?service=WFS&version=2.0.0&request=GetFeature&typeNames=postialue:pno_2026&outputFormat=application/json&count=5000&propertyName=posti_alue,nimi,kunta,pinta_ala","https://ev-shv-prod-app-wa-consumerapi1.azurewebsites.net/api/getdsocollection","Caruna Oy; Koillis-Lapin Sähkö Oy; Rovakaira Oy","City mapping: representative_postal_code_multiple_dso_matches; municipality_postal_areas_map_to_multiple_dsos Tariff note: Official 1.9.2024 tariff matches the network charge and fixed fee; electricity tax separate. Older but matching."
"320","Kemijärvi","kaupunki","unresolved","representative_postal_code_multiple_dso_matches; municipality_postal_areas_map_to_multiple_dsos","98100","Kemijärvi Keskus","3","Rovakaira Oy","Rovakaira Oy","exact_feed_name_to_snapshot_name","22.53","1.71","no","Yleissiirto / general-transfer (comparison basis)","","2026-05-04","2026-05-06","snapshot_later_tariff_differs","yes","https://rovakaira.fi/verkkopalveluhinnasto/","https://www.sttinfo.fi/files/67340313/72011769/375325/fi","https://www.kuntaliitto.fi/kunnat/kemijarvi","https://geo.stat.fi/geoserver/postialue/wfs?service=WFS&version=2.0.0&request=GetFeature&typeNames=postialue:pno_2026&outputFormat=application/json&count=5000&propertyName=posti_alue,nimi,kunta,pinta_ala","https://ev-shv-prod-app-wa-consumerapi1.azurewebsites.net/api/getdsocollection","Caruna Oy; Koillis-Lapin Sähkö Oy; Rovakaira Oy","City mapping: representative_postal_code_multiple_dso_matches; municipality_postal_areas_map_to_multiple_dsos Tariff note: Historical 1.4.2025 tariff matches the snapshot. Official current tariff effective 1.5.2026 shows 24.56 €/month while energy remains 1.71 c/kWh. Snapshot matched; later tariff differs."
"398","Lahti","kaupunki","unresolved","representative_postal_code_multiple_dso_matches; municipality_postal_areas_map_to_multiple_dsos; postal_code_is_proxy_not_exact_centre","15100","Lahti Asemanseutu","3","Elenia Oy","Elenia Verkko Oyj","curated_alias_to_snapshot_name","22.79","5.89","no","Yleissiirto / general-transfer (comparison basis)","","2026-05-04","2026-05-06","matched","yes","https://www.elenia.fi/files/3368404e95e6e87870c3efd831994c0a6bf8b693/elenia-pienasiakkaat-hinnasto-4-2026-www-a4-fi-v2.pdf","https://www.sttinfo.fi/files/67340313/72011769/375325/fi","https://www.kuntaliitto.fi/kunnat/lahti","https://geo.stat.fi/geoserver/postialue/wfs?service=WFS&version=2.0.0&request=GetFeature&typeNames=postialue:pno_2026&outputFormat=application/json&count=5000&propertyName=posti_alue,nimi,kunta,pinta_ala","https://ev-shv-prod-app-wa-consumerapi1.azurewebsites.net/api/getdsocollection","Elenia Oy; Kymenlaakson Sähköverkko Oy; Lahti Energia Sähköverkko Oy","City mapping: representative_postal_code_multiple_dso_matches; municipality_postal_areas_map_to_multiple_dsos; postal_code_is_proxy_not_exact_centre Tariff note: 3x25 A grouped with smaller three-phase fuses; VAT 25.5%; electricity tax separate. Matched, 2026."
"398","Lahti","kaupunki","unresolved","representative_postal_code_multiple_dso_matches; municipality_postal_areas_map_to_multiple_dsos; postal_code_is_proxy_not_exact_centre","15100","Lahti Asemanseutu","3","Kymenlaakson Sähköverkko Oy","Kymenlaakson Sähköverkko Oy","exact_feed_name_to_snapshot_name","23.87","2.85","no","Yleissiirto / general-transfer (comparison basis)","","2026-05-04","2026-05-06","snapshot_value","yes","https://www.ksoy.fi/hinnastot-ja-ehdot/pienasiakkaiden-verkkopalveluhinnasto/","https://www.sttinfo.fi/files/67340313/72011769/375325/fi","https://www.kuntaliitto.fi/kunnat/lahti","https://geo.stat.fi/geoserver/postialue/wfs?service=WFS&version=2.0.0&request=GetFeature&typeNames=postialue:pno_2026&outputFormat=application/json&count=5000&propertyName=posti_alue,nimi,kunta,pinta_ala","https://ev-shv-prod-app-wa-consumerapi1.azurewebsites.net/api/getdsocollection","Elenia Oy; Kymenlaakson Sähköverkko Oy; Lahti Energia Sähköverkko Oy","City mapping: representative_postal_code_multiple_dso_matches; municipality_postal_areas_map_to_multiple_dsos; postal_code_is_proxy_not_exact_centre Tariff note: Official page shows 3x25/1x35 general fee and 2.845 c/kWh rounded to 2.85; the tariff archive references 1.11.2024. Older/unchanged but matching."
"398","Lahti","kaupunki","unresolved","representative_postal_code_multiple_dso_matches; municipality_postal_areas_map_to_multiple_dsos; postal_code_is_proxy_not_exact_centre","15100","Lahti Asemanseutu","3","Lahti Energia Sähköverkko Oy","Lahti Energia Sähköverkko Oy","exact_feed_name_to_snapshot_name","7.22","2.95","no","Yleissiirto teho (comparison basis; power charge applies)","1.00","2026-05-04","2026-05-06","product_category_mismatch","yes","https://www.lahtienergia.fi/lahti-energia-sahkoverkko/sahkoverkon-hinnastot/sahkon-verkkopalvelumaksut/","https://www.sttinfo.fi/files/67340313/72011769/375325/fi","https://www.kuntaliitto.fi/kunnat/lahti","https://geo.stat.fi/geoserver/postialue/wfs?service=WFS&version=2.0.0&request=GetFeature&typeNames=postialue:pno_2026&outputFormat=application/json&count=5000&propertyName=posti_alue,nimi,kunta,pinta_ala","https://ev-shv-prod-app-wa-consumerapi1.azurewebsites.net/api/getdsocollection","Elenia Oy; Kymenlaakson Sähköverkko Oy; Lahti Energia Sähköverkko Oy","City mapping: representative_postal_code_multiple_dso_matches; municipality_postal_areas_map_to_multiple_dsos; postal_code_is_proxy_not_exact_centre Tariff note: The official page's plain `Yleissiirto` is 6.53 €/month and 3.79 c/kWh. The source row 7.22 €/month and 2.95 c/kWh matches official `Yleissiirto teho`, which also has a separate power fee. Product-category mismatch: source row is not plain general transfer and omits the power fee."
"400","Laitila","kaupunki","unresolved","representative_postal_code_multiple_dso_matches; municipality_postal_areas_map_to_multiple_dsos","23800","Laitila Keskus","2","Caruna Oy","Caruna Oy","exact_feed_name_to_snapshot_name","29.71","5.26","no","Yleissiirto / general-transfer (comparison basis)","","2026-05-04","2026-05-06","matched","yes","https://caruna.fi/hinnasto","https://www.sttinfo.fi/files/67340313/72011769/375325/fi","https://www.kuntaliitto.fi/kunnat/laitila","https://geo.stat.fi/geoserver/postialue/wfs?service=WFS&version=2.0.0&request=GetFeature&typeNames=postialue:pno_2026&outputFormat=application/json&count=5000&propertyName=posti_alue,nimi,kunta,pinta_ala","https://ev-shv-prod-app-wa-consumerapi1.azurewebsites.net/api/getdsocollection","Caruna Oy; Vakka-Suomen Voima Oy","City mapping: representative_postal_code_multiple_dso_matches; municipality_postal_areas_map_to_multiple_dsos Tariff note: Official page links the 1.1.2026 Caruna Oy tariff. Matched."
"400","Laitila","kaupunki","unresolved","representative_postal_code_multiple_dso_matches; municipality_postal_areas_map_to_multiple_dsos","23800","Laitila Keskus","2","Vakka-Suomen Voima Oy","VSV Sähköverkko Oy","curated_alias_to_snapshot_name","17.80","4.30","no","Yleissiirto / general-transfer (comparison basis)","","2026-05-04","2026-05-06","matched","yes","https://vsv.fi/files/sites/8763/verkkopalveluhinnasto-01042026_alv-25-5-cd1c90fb-786f-4014-b021-3a76c2f4807c.pdf","https://www.sttinfo.fi/files/67340313/72011769/375325/fi","https://www.kuntaliitto.fi/kunnat/laitila","https://geo.stat.fi/geoserver/postialue/wfs?service=WFS&version=2.0.0&request=GetFeature&typeNames=postialue:pno_2026&outputFormat=application/json&count=5000&propertyName=posti_alue,nimi,kunta,pinta_ala","https://ev-shv-prod-app-wa-consumerapi1.azurewebsites.net/api/getdsocollection","Caruna Oy; Vakka-Suomen Voima Oy","City mapping: representative_postal_code_multiple_dso_matches; municipality_postal_areas_map_to_multiple_dsos Tariff note: Official 1.4.2026 `Yleissiirto`, 3x25 A, VAT 25.5%. Matched."
"405","Lappeenranta","kaupunki","unresolved","representative_postal_code_multiple_dso_matches; municipality_has_multiple_centre_postal_areas; municipality_postal_areas_map_to_multiple_dsos","53100","Lappeenranta keskus","2","ESE-Verkko Oy","ESE-Verkko Oy","exact_feed_name_to_snapshot_name","9.90","3.86","no","Yleissiirto / general-transfer (comparison basis)","","2026-05-04","2026-05-06","matched","yes","https://ese.fi/shared/files/Hinnastot/2026/Verkkopalvelumaksut%201.1.2026%20alkaen.pdf","https://www.sttinfo.fi/files/67340313/72011769/375325/fi","https://www.kuntaliitto.fi/kunnat/lappeenranta","https://geo.stat.fi/geoserver/postialue/wfs?service=WFS&version=2.0.0&request=GetFeature&typeNames=postialue:pno_2026&outputFormat=application/json&count=5000&propertyName=posti_alue,nimi,kunta,pinta_ala","https://ev-shv-prod-app-wa-consumerapi1.azurewebsites.net/api/getdsocollection","ESE-Verkko Oy; Lappeenrannan Energiaverkot Oy","City mapping: representative_postal_code_multiple_dso_matches; municipality_has_multiple_centre_postal_areas; municipality_postal_areas_map_to_multiple_dsos Tariff note: Official product is `Yksiaikasähkö`, the equivalent one-rate/general-transfer product; 3x25 A grouped with 3x35 A. Matched, product label differs."
"405","Lappeenranta","kaupunki","unresolved","representative_postal_code_multiple_dso_matches; municipality_has_multiple_centre_postal_areas; municipality_postal_areas_map_to_multiple_dsos","53100","Lappeenranta keskus","2","Lappeenrannan Energiaverkot Oy","Lappeenrannan Energiaverkot Oy","exact_feed_name_to_snapshot_name","10.20","4.47","no","Yleissiirto / general-transfer (comparison basis)","","2026-05-04","2026-05-06","older_but_matching","yes","https://www.lappeenrannanenergia.fi/sites/default/files/2025-09/S%C3%A4hk%C3%B6n%20verkkopalveluhinnasto%201.11.2025.pdf","https://www.sttinfo.fi/files/67340313/72011769/375325/fi","https://www.kuntaliitto.fi/kunnat/lappeenranta","https://geo.stat.fi/geoserver/postialue/wfs?service=WFS&version=2.0.0&request=GetFeature&typeNames=postialue:pno_2026&outputFormat=application/json&count=5000&propertyName=posti_alue,nimi,kunta,pinta_ala","https://ev-shv-prod-app-wa-consumerapi1.azurewebsites.net/api/getdsocollection","ESE-Verkko Oy; Lappeenrannan Energiaverkot Oy","City mapping: representative_postal_code_multiple_dso_matches; municipality_has_multiple_centre_postal_areas; municipality_postal_areas_map_to_multiple_dsos Tariff note: Official 1.11.2025 tariff matches; electricity tax separate. Older but matching."
"408","Lapua","kaupunki","unresolved","representative_postal_code_multiple_dso_matches; municipality_postal_areas_map_to_multiple_dsos","62100","Lapua Keskus","4","Alajärven Sähkö Oy","Alajärven Sähkö Oy","exact_feed_name_to_snapshot_name","14.03","5.51","no","Yleissiirto / general-transfer (comparison basis)","","2026-05-04","2026-05-06","snapshot_later_tariff_differs","yes","https://www.alajarvensahko.fi/hinnastomme/","https://www.sttinfo.fi/files/67340313/72011769/375325/fi","https://www.kuntaliitto.fi/kunnat/lapua","https://geo.stat.fi/geoserver/postialue/wfs?service=WFS&version=2.0.0&request=GetFeature&typeNames=postialue:pno_2026&outputFormat=application/json&count=5000&propertyName=posti_alue,nimi,kunta,pinta_ala","https://ev-shv-prod-app-wa-consumerapi1.azurewebsites.net/api/getdsocollection","Alajärven Sähkö Oy; Caruna Oy; Elenia Oy; Jylhän Sähköosuuskunta","City mapping: representative_postal_code_multiple_dso_matches; municipality_postal_areas_map_to_multiple_dsos Tariff note: Snapshot value retained. Official page currently shows a later 1.8.2026 tariff of 15.15 €/month and 5.95 c/kWh. Later tariff differs."
"408","Lapua","kaupunki","unresolved","representative_postal_code_multiple_dso_matches; municipality_postal_areas_map_to_multiple_dsos","62100","Lapua Keskus","4","Caruna Oy","Caruna Oy","exact_feed_name_to_snapshot_name","29.71","5.26","no","Yleissiirto / general-transfer (comparison basis)","","2026-05-04","2026-05-06","matched","yes","https://caruna.fi/hinnasto","https://www.sttinfo.fi/files/67340313/72011769/375325/fi","https://www.kuntaliitto.fi/kunnat/lapua","https://geo.stat.fi/geoserver/postialue/wfs?service=WFS&version=2.0.0&request=GetFeature&typeNames=postialue:pno_2026&outputFormat=application/json&count=5000&propertyName=posti_alue,nimi,kunta,pinta_ala","https://ev-shv-prod-app-wa-consumerapi1.azurewebsites.net/api/getdsocollection","Alajärven Sähkö Oy; Caruna Oy; Elenia Oy; Jylhän Sähköosuuskunta","City mapping: representative_postal_code_multiple_dso_matches; municipality_postal_areas_map_to_multiple_dsos Tariff note: Official page links the 1.1.2026 Caruna Oy tariff. Matched."
"408","Lapua","kaupunki","unresolved","representative_postal_code_multiple_dso_matches; municipality_postal_areas_map_to_multiple_dsos","62100","Lapua Keskus","4","Elenia Oy","Elenia Verkko Oyj","curated_alias_to_snapshot_name","22.79","5.89","no","Yleissiirto / general-transfer (comparison basis)","","2026-05-04","2026-05-06","matched","yes","https://www.elenia.fi/files/3368404e95e6e87870c3efd831994c0a6bf8b693/elenia-pienasiakkaat-hinnasto-4-2026-www-a4-fi-v2.pdf","https://www.sttinfo.fi/files/67340313/72011769/375325/fi","https://www.kuntaliitto.fi/kunnat/lapua","https://geo.stat.fi/geoserver/postialue/wfs?service=WFS&version=2.0.0&request=GetFeature&typeNames=postialue:pno_2026&outputFormat=application/json&count=5000&propertyName=posti_alue,nimi,kunta,pinta_ala","https://ev-shv-prod-app-wa-consumerapi1.azurewebsites.net/api/getdsocollection","Alajärven Sähkö Oy; Caruna Oy; Elenia Oy; Jylhän Sähköosuuskunta","City mapping: representative_postal_code_multiple_dso_matches; municipality_postal_areas_map_to_multiple_dsos Tariff note: 3x25 A grouped with smaller three-phase fuses; VAT 25.5%; electricity tax separate. Matched, 2026."
"408","Lapua","kaupunki","unresolved","representative_postal_code_multiple_dso_matches; municipality_postal_areas_map_to_multiple_dsos","62100","Lapua Keskus","4","Jylhän Sähköosuuskunta","Jylhän Sähköosuuskunta","exact_feed_name_to_snapshot_name","9.66","5.35","no","Yleissiirto / general-transfer (comparison basis)","","2026-05-04","2026-05-06","matched","yes","https://jylhaos.fi/muuttajalle/hinnastot/","https://www.sttinfo.fi/files/67340313/72011769/375325/fi","https://www.kuntaliitto.fi/kunnat/lapua","https://geo.stat.fi/geoserver/postialue/wfs?service=WFS&version=2.0.0&request=GetFeature&typeNames=postialue:pno_2026&outputFormat=application/json&count=5000&propertyName=posti_alue,nimi,kunta,pinta_ala","https://ev-shv-prod-app-wa-consumerapi1.azurewebsites.net/api/getdsocollection","Alajärven Sähkö Oy; Caruna Oy; Elenia Oy; Jylhän Sähköosuuskunta","City mapping: representative_postal_code_multiple_dso_matches; municipality_postal_areas_map_to_multiple_dsos Tariff note: Official 1.1.2026 `Yleistariffi`; annual fixed fee 115.86 €/year divided by 12. Matched."
"422","Lieksa","kaupunki","unresolved","representative_postal_code_multiple_dso_matches; municipality_postal_areas_map_to_multiple_dsos","81700","Lieksa Keskus","2","Forssan Verkkopalvelut Oy","Forssan Verkkopalvelut Oy","exact_feed_name_to_snapshot_name","13.86","3.32","no","Yleissiirto / general-transfer (comparison basis)","","2026-05-04","2026-05-06","older_but_matching","yes","https://www.fvp.fi/hinnastot/siirtohinnasto/","https://www.sttinfo.fi/files/67340313/72011769/375325/fi","https://www.kuntaliitto.fi/kunnat/lieksa","https://geo.stat.fi/geoserver/postialue/wfs?service=WFS&version=2.0.0&request=GetFeature&typeNames=postialue:pno_2026&outputFormat=application/json&count=5000&propertyName=posti_alue,nimi,kunta,pinta_ala","https://ev-shv-prod-app-wa-consumerapi1.azurewebsites.net/api/getdsocollection","Forssan Verkkopalvelut Oy; PKS Sähkösiirto Oy","City mapping: representative_postal_code_multiple_dso_matches; municipality_postal_areas_map_to_multiple_dsos Tariff note: Official page shows `Perussiirto, 1-aika`, 3x25 A, VAT 25.5%; tariff effective 1.9.2024 and stated current on the page. Older but matching."
"422","Lieksa","kaupunki","unresolved","representative_postal_code_multiple_dso_matches; municipality_postal_areas_map_to_multiple_dsos","81700","Lieksa Keskus","2","PKS Sähkösiirto Oy","PKS Sähkönsiirto Oy","curated_alias_to_snapshot_name","42.04","5.46","no","Yleissiirto / general-transfer (comparison basis)","","2026-05-04","2026-05-06","snapshot_later_tariff_differs","yes","https://pkssahkonsiirto.fi/wp-content/uploads/pkss_verkkopalveluhinnasto_01072025.pdf","https://www.sttinfo.fi/files/67340313/72011769/375325/fi","https://www.kuntaliitto.fi/kunnat/lieksa","https://geo.stat.fi/geoserver/postialue/wfs?service=WFS&version=2.0.0&request=GetFeature&typeNames=postialue:pno_2026&outputFormat=application/json&count=5000&propertyName=posti_alue,nimi,kunta,pinta_ala","https://ev-shv-prod-app-wa-consumerapi1.azurewebsites.net/api/getdsocollection","Forssan Verkkopalvelut Oy; PKS Sähkösiirto Oy","City mapping: representative_postal_code_multiple_dso_matches; municipality_postal_areas_map_to_multiple_dsos Tariff note: Official 1.7.2025 tariff gives 42.04 €/month and 5.463 c/kWh, rounded here to 5.46; electricity tax separately listed. Current 1.7.2026 tariff shows 42.00 €/month. Snapshot matched; later tariff differs slightly."
"423","Lieto","kaupunki","resolved_with_caveat","municipality_has_multiple_centre_postal_areas","21420","Lieto Keskus","1","Caruna Oy","Caruna Oy","exact_feed_name_to_snapshot_name","29.71","5.26","no","Yleissiirto / general-transfer (comparison basis)","","2026-05-04","2026-05-06","matched","yes","https://caruna.fi/hinnasto","https://www.sttinfo.fi/files/67340313/72011769/375325/fi","https://www.kuntaliitto.fi/kunnat/lieto","https://geo.stat.fi/geoserver/postialue/wfs?service=WFS&version=2.0.0&request=GetFeature&typeNames=postialue:pno_2026&outputFormat=application/json&count=5000&propertyName=posti_alue,nimi,kunta,pinta_ala","https://ev-shv-prod-app-wa-consumerapi1.azurewebsites.net/api/getdsocollection","Caruna Oy","City mapping: municipality_has_multiple_centre_postal_areas Tariff note: Official page links the 1.1.2026 Caruna Oy tariff. Matched."
"430","Loimaa","kaupunki","unresolved","representative_postal_code_multiple_dso_matches; municipality_has_multiple_centre_postal_areas; municipality_postal_areas_map_to_multiple_dsos","32200","Loimaa Keskus","2","Caruna Oy","Caruna Oy","exact_feed_name_to_snapshot_name","29.71","5.26","no","Yleissiirto / general-transfer (comparison basis)","","2026-05-04","2026-05-06","matched","yes","https://caruna.fi/hinnasto","https://www.sttinfo.fi/files/67340313/72011769/375325/fi","https://www.kuntaliitto.fi/kunnat/loimaa","https://geo.stat.fi/geoserver/postialue/wfs?service=WFS&version=2.0.0&request=GetFeature&typeNames=postialue:pno_2026&outputFormat=application/json&count=5000&propertyName=posti_alue,nimi,kunta,pinta_ala","https://ev-shv-prod-app-wa-consumerapi1.azurewebsites.net/api/getdsocollection","Caruna Oy; Elenia Oy; Köyliön-Säkylän Sähkö Oy; Sallila Sähkönsiirto Oy","City mapping: representative_postal_code_multiple_dso_matches; municipality_has_multiple_centre_postal_areas; municipality_postal_areas_map_to_multiple_dsos Tariff note: Official page links the 1.1.2026 Caruna Oy tariff. Matched."
"430","Loimaa","kaupunki","unresolved","representative_postal_code_multiple_dso_matches; municipality_has_multiple_centre_postal_areas; municipality_postal_areas_map_to_multiple_dsos","32200","Loimaa Keskus","2","Sallila Sähkönsiirto Oy","Sallila Sähkönsiirto Oy","exact_feed_name_to_snapshot_name","22.30","4.48","no","Yleissiirto / general-transfer (comparison basis)","","2026-05-04","2026-05-06","matched","yes","https://sallila.fi/sahkoverkko/tuotteet-ja-hinnasto/verkkopalveluhinnat/","https://www.sttinfo.fi/files/67340313/72011769/375325/fi","https://www.kuntaliitto.fi/kunnat/loimaa","https://geo.stat.fi/geoserver/postialue/wfs?service=WFS&version=2.0.0&request=GetFeature&typeNames=postialue:pno_2026&outputFormat=application/json&count=5000&propertyName=posti_alue,nimi,kunta,pinta_ala","https://ev-shv-prod-app-wa-consumerapi1.azurewebsites.net/api/getdsocollection","Caruna Oy; Elenia Oy; Köyliön-Säkylän Sähkö Oy; Sallila Sähkönsiirto Oy","City mapping: representative_postal_code_multiple_dso_matches; municipality_has_multiple_centre_postal_areas; municipality_postal_areas_map_to_multiple_dsos Tariff note: Official page shows matching current general 3x25 A values and VAT 25.5%; March 2026 increase explains the comparison change. Matched."
"434","Loviisa","kaupunki","resolved_with_caveat","municipality_has_multiple_centre_postal_areas; municipality_postal_areas_map_to_multiple_dsos","07900","Loviisa Keskus","1","Kymenlaakson Sähköverkko Oy","Kymenlaakson Sähköverkko Oy","exact_feed_name_to_snapshot_name","23.87","2.85","no","Yleissiirto / general-transfer (comparison basis)","","2026-05-04","2026-05-06","snapshot_value","yes","https://www.ksoy.fi/hinnastot-ja-ehdot/pienasiakkaiden-verkkopalveluhinnasto/","https://www.sttinfo.fi/files/67340313/72011769/375325/fi","https://www.kuntaliitto.fi/kunnat/loviisa","https://geo.stat.fi/geoserver/postialue/wfs?service=WFS&version=2.0.0&request=GetFeature&typeNames=postialue:pno_2026&outputFormat=application/json&count=5000&propertyName=posti_alue,nimi,kunta,pinta_ala","https://ev-shv-prod-app-wa-consumerapi1.azurewebsites.net/api/getdsocollection","Kymenlaakson Sähköverkko Oy; Porvoon Sähköverkko Oy","City mapping: municipality_has_multiple_centre_postal_areas; municipality_postal_areas_map_to_multiple_dsos Tariff note: Official page shows 3x25/1x35 general fee and 2.845 c/kWh rounded to 2.85; the tariff archive references 1.11.2024. Older/unchanged but matching."
"444","Lohja","kaupunki","resolved_with_caveat","municipality_postal_areas_map_to_multiple_dsos","08100","Lohja Keskus","1","Caruna Oy","Caruna Oy","exact_feed_name_to_snapshot_name","29.71","5.26","no","Yleissiirto / general-transfer (comparison basis)","","2026-05-04","2026-05-06","matched","yes","https://caruna.fi/hinnasto","https://www.sttinfo.fi/files/67340313/72011769/375325/fi","https://www.kuntaliitto.fi/kunnat/lohja","https://geo.stat.fi/geoserver/postialue/wfs?service=WFS&version=2.0.0&request=GetFeature&typeNames=postialue:pno_2026&outputFormat=application/json&count=5000&propertyName=posti_alue,nimi,kunta,pinta_ala","https://ev-shv-prod-app-wa-consumerapi1.azurewebsites.net/api/getdsocollection","Caruna Oy; Elenia Oy","City mapping: municipality_postal_areas_map_to_multiple_dsos Tariff note: Official page links the 1.1.2026 Caruna Oy tariff. Matched."
"445","Parainen","kaupunki","resolved_with_caveat","municipality_has_multiple_centre_postal_areas","21600","Parainen Keskus","1","Caruna Oy","Caruna Oy","exact_feed_name_to_snapshot_name","29.71","5.26","no","Yleissiirto / general-transfer (comparison basis)","","2026-05-04","2026-05-06","matched","yes","https://caruna.fi/hinnasto","https://www.sttinfo.fi/files/67340313/72011769/375325/fi","https://www.kuntaliitto.fi/kunnat/parainen","https://geo.stat.fi/geoserver/postialue/wfs?service=WFS&version=2.0.0&request=GetFeature&typeNames=postialue:pno_2026&outputFormat=application/json&count=5000&propertyName=posti_alue,nimi,kunta,pinta_ala","https://ev-shv-prod-app-wa-consumerapi1.azurewebsites.net/api/getdsocollection","Caruna Oy","City mapping: municipality_has_multiple_centre_postal_areas Tariff note: Official page links the 1.1.2026 Caruna Oy tariff. Matched."
"478","Maarianhamina","kaupunki","unresolved","representative_postal_code_unmapped_in_dso_feed; no_dso_found_for_any_municipality_postal_area; postal_code_is_proxy_not_exact_centre","22100","Maarianhamina","0","","","no_dso_match","","","no","Yleissiirto / general-transfer (comparison basis)","","2026-05-04","2026-05-06","not_in_snapshot","no","","https://www.sttinfo.fi/files/67340313/72011769/375325/fi","https://www.kuntaliitto.fi/kunnat/maarianhamina","https://geo.stat.fi/geoserver/postialue/wfs?service=WFS&version=2.0.0&request=GetFeature&typeNames=postialue:pno_2026&outputFormat=application/json&count=5000&propertyName=posti_alue,nimi,kunta,pinta_ala","https://ev-shv-prod-app-wa-consumerapi1.azurewebsites.net/api/getdsocollection","","City mapping: representative_postal_code_unmapped_in_dso_feed; no_dso_found_for_any_municipality_postal_area; postal_code_is_proxy_not_exact_centre No operator matched the representative postal code in the official DSO feed."
"491","Mikkeli","kaupunki","unresolved","representative_postal_code_multiple_dso_matches; municipality_has_multiple_centre_postal_areas; municipality_postal_areas_map_to_multiple_dsos","50100","Mikkeli Keskus","2","ESE-Verkko Oy","ESE-Verkko Oy","exact_feed_name_to_snapshot_name","9.90","3.86","no","Yleissiirto / general-transfer (comparison basis)","","2026-05-04","2026-05-06","matched","yes","https://ese.fi/shared/files/Hinnastot/2026/Verkkopalvelumaksut%201.1.2026%20alkaen.pdf","https://www.sttinfo.fi/files/67340313/72011769/375325/fi","https://www.kuntaliitto.fi/kunnat/mikkeli","https://geo.stat.fi/geoserver/postialue/wfs?service=WFS&version=2.0.0&request=GetFeature&typeNames=postialue:pno_2026&outputFormat=application/json&count=5000&propertyName=posti_alue,nimi,kunta,pinta_ala","https://ev-shv-prod-app-wa-consumerapi1.azurewebsites.net/api/getdsocollection","ESE-Verkko Oy; Järvi-Suomen Energia Oy; Kokemäen Sähkö Oy; Lappeenrannan Energiaverkot Oy; Oulun Seudun Sähkö Verkkopalvelut Oy; Savon Voima Verkko Oy","City mapping: representative_postal_code_multiple_dso_matches; municipality_has_multiple_centre_postal_areas; municipality_postal_areas_map_to_multiple_dsos Tariff note: Official product is `Yksiaikasähkö`, the equivalent one-rate/general-transfer product; 3x25 A grouped with 3x35 A. Matched, product label differs."
"491","Mikkeli","kaupunki","unresolved","representative_postal_code_multiple_dso_matches; municipality_has_multiple_centre_postal_areas; municipality_postal_areas_map_to_multiple_dsos","50100","Mikkeli Keskus","2","Järvi-Suomen Energia Oy","Järvi-Suomen Energia Oy","exact_feed_name_to_snapshot_name","44.44","5.14","no","Yleissiirto / general-transfer (comparison basis)","","2026-05-04","2026-05-06","snapshot_later_tariff_differs","yes","https://www.jseoy.fi/wp-content/uploads/2025/09/verkkopalveluhinnasto-1.7.2025-alkaen-saavutettava-1.1.pdf","https://www.sttinfo.fi/files/67340313/72011769/375325/fi","https://www.kuntaliitto.fi/kunnat/mikkeli","https://geo.stat.fi/geoserver/postialue/wfs?service=WFS&version=2.0.0&request=GetFeature&typeNames=postialue:pno_2026&outputFormat=application/json&count=5000&propertyName=posti_alue,nimi,kunta,pinta_ala","https://ev-shv-prod-app-wa-consumerapi1.azurewebsites.net/api/getdsocollection","ESE-Verkko Oy; Järvi-Suomen Energia Oy; Kokemäen Sähkö Oy; Lappeenrannan Energiaverkot Oy; Oulun Seudun Sähkö Verkkopalvelut Oy; Savon Voima Verkko Oy","City mapping: representative_postal_code_multiple_dso_matches; municipality_has_multiple_centre_postal_areas; municipality_postal_areas_map_to_multiple_dsos Tariff note: Historical official 1.7.2025 tariff matches the snapshot. Official current tariff effective 1.7.2026 shows a later fixed fee of 47.55 €/month. Snapshot matched; later tariff differs."
"508","Mänttä-Vilppula","kaupunki","unresolved","representative_postal_code_multiple_dso_matches; municipality_postal_areas_map_to_multiple_dsos; postal_code_is_proxy_not_exact_centre; manual_checkpoint_proxy; municipality_has_multiple_centre_postal_areas","35800","Mänttä","3","Elenia Oy","Elenia Verkko Oyj","curated_alias_to_snapshot_name","22.79","5.89","no","Yleissiirto / general-transfer (comparison basis)","","2026-05-04","2026-05-06","matched","yes","https://www.elenia.fi/files/3368404e95e6e87870c3efd831994c0a6bf8b693/elenia-pienasiakkaat-hinnasto-4-2026-www-a4-fi-v2.pdf","https://www.sttinfo.fi/files/67340313/72011769/375325/fi","https://www.kuntaliitto.fi/kunnat/mantta-vilppula","https://geo.stat.fi/geoserver/postialue/wfs?service=WFS&version=2.0.0&request=GetFeature&typeNames=postialue:pno_2026&outputFormat=application/json&count=5000&propertyName=posti_alue,nimi,kunta,pinta_ala","https://ev-shv-prod-app-wa-consumerapi1.azurewebsites.net/api/getdsocollection","Elenia Oy; Keuruun Sähkö Oy; Koillis-Satakunnan Sähkö Oy; Kuoreveden Sähkö Oy; Vantaan Energia Sähköverkot Oy","City mapping: representative_postal_code_multiple_dso_matches; municipality_postal_areas_map_to_multiple_dsos; postal_code_is_proxy_not_exact_centre; manual_checkpoint_proxy; municipality_has_multiple_centre_postal_areas Tariff note: 3x25 A grouped with smaller three-phase fuses; VAT 25.5%; electricity tax separate. Matched, 2026."
"508","Mänttä-Vilppula","kaupunki","unresolved","representative_postal_code_multiple_dso_matches; municipality_postal_areas_map_to_multiple_dsos; postal_code_is_proxy_not_exact_centre; manual_checkpoint_proxy; municipality_has_multiple_centre_postal_areas","35800","Mänttä","3","Keuruun Sähkö Oy","Keuruun Sähkö Oy","exact_feed_name_to_snapshot_name","24.00","5.66","no","Yleissiirto / general-transfer (comparison basis)","","2026-05-04","2026-05-06","unverified","yes","https://www.keuruunenergia.fi/wp-content/uploads/2025/03/Keuruun_Energia_verkkopalvelumaksut_1.4.2025.pdf","https://www.sttinfo.fi/files/67340313/72011769/375325/fi","https://www.kuntaliitto.fi/kunnat/mantta-vilppula","https://geo.stat.fi/geoserver/postialue/wfs?service=WFS&version=2.0.0&request=GetFeature&typeNames=postialue:pno_2026&outputFormat=application/json&count=5000&propertyName=posti_alue,nimi,kunta,pinta_ala","https://ev-shv-prod-app-wa-consumerapi1.azurewebsites.net/api/getdsocollection","Elenia Oy; Keuruun Sähkö Oy; Koillis-Satakunnan Sähkö Oy; Kuoreveden Sähkö Oy; Vantaan Energia Sähköverkot Oy","City mapping: representative_postal_code_multiple_dso_matches; municipality_postal_areas_map_to_multiple_dsos; postal_code_is_proxy_not_exact_centre; manual_checkpoint_proxy; municipality_has_multiple_centre_postal_areas Tariff note: Located official tariff is dated 1.4.2025 and shows a different general 3x25 A fixed fee; no official 2026 tariff matching 24.00 €/month was confirmed. Category/date mismatch or unverified 2026 value."
"508","Mänttä-Vilppula","kaupunki","unresolved","representative_postal_code_multiple_dso_matches; municipality_postal_areas_map_to_multiple_dsos; postal_code_is_proxy_not_exact_centre; manual_checkpoint_proxy; municipality_has_multiple_centre_postal_areas","35800","Mänttä","3","Kuoreveden Sähkö Oy","Kuoreveden Sähkö Oy","exact_feed_name_to_snapshot_name","39.96","3.74","no","Yleissiirto / general-transfer (comparison basis)","","2026-05-04","2026-05-06","older_but_matching","yes","https://www.kuorevedensahko.fi/wp-content/uploads/2024/09/20240901-verkkopalveluhinnasto.pdf","https://www.sttinfo.fi/files/67340313/72011769/375325/fi","https://www.kuntaliitto.fi/kunnat/mantta-vilppula","https://geo.stat.fi/geoserver/postialue/wfs?service=WFS&version=2.0.0&request=GetFeature&typeNames=postialue:pno_2026&outputFormat=application/json&count=5000&propertyName=posti_alue,nimi,kunta,pinta_ala","https://ev-shv-prod-app-wa-consumerapi1.azurewebsites.net/api/getdsocollection","Elenia Oy; Keuruun Sähkö Oy; Koillis-Satakunnan Sähkö Oy; Kuoreveden Sähkö Oy; Vantaan Energia Sähköverkot Oy","City mapping: representative_postal_code_multiple_dso_matches; municipality_postal_areas_map_to_multiple_dsos; postal_code_is_proxy_not_exact_centre; manual_checkpoint_proxy; municipality_has_multiple_centre_postal_areas Tariff note: Official 1.9.2024 tariff matches; electricity tax listed separately. Older but matching."
"529","Naantali","kaupunki","unresolved","representative_postal_code_multiple_dso_matches; municipality_has_multiple_centre_postal_areas; municipality_postal_areas_map_to_multiple_dsos","21100","Naantali Keskus","2","Caruna Oy","Caruna Oy","exact_feed_name_to_snapshot_name","29.71","5.26","no","Yleissiirto / general-transfer (comparison basis)","","2026-05-04","2026-05-06","matched","yes","https://caruna.fi/hinnasto","https://www.sttinfo.fi/files/67340313/72011769/375325/fi","https://www.kuntaliitto.fi/kunnat/naantali","https://geo.stat.fi/geoserver/postialue/wfs?service=WFS&version=2.0.0&request=GetFeature&typeNames=postialue:pno_2026&outputFormat=application/json&count=5000&propertyName=posti_alue,nimi,kunta,pinta_ala","https://ev-shv-prod-app-wa-consumerapi1.azurewebsites.net/api/getdsocollection","Caruna Oy; Naantalin Energia Oy","City mapping: representative_postal_code_multiple_dso_matches; municipality_has_multiple_centre_postal_areas; municipality_postal_areas_map_to_multiple_dsos Tariff note: Official page links the 1.1.2026 Caruna Oy tariff. Matched."
"529","Naantali","kaupunki","unresolved","representative_postal_code_multiple_dso_matches; municipality_has_multiple_centre_postal_areas; municipality_postal_areas_map_to_multiple_dsos","21100","Naantali Keskus","2","Naantalin Energia Oy","Naantalin Energia Oy","exact_feed_name_to_snapshot_name","11.79","4.42","no","Yleissiirto / general-transfer (comparison basis)","","2026-05-04","2026-05-06","older_but_matching","yes","https://naantalinenergia.fi/sahkoverkko/verkkopalveluhinnasto/","https://www.sttinfo.fi/files/67340313/72011769/375325/fi","https://www.kuntaliitto.fi/kunnat/naantali","https://geo.stat.fi/geoserver/postialue/wfs?service=WFS&version=2.0.0&request=GetFeature&typeNames=postialue:pno_2026&outputFormat=application/json&count=5000&propertyName=posti_alue,nimi,kunta,pinta_ala","https://ev-shv-prod-app-wa-consumerapi1.azurewebsites.net/api/getdsocollection","Caruna Oy; Naantalin Energia Oy","City mapping: representative_postal_code_multiple_dso_matches; municipality_has_multiple_centre_postal_areas; municipality_postal_areas_map_to_multiple_dsos Tariff note: Official 1.7.2025 tariff, VAT 25.5%, matches 3x25 A and energy charge; electricity tax separately shown. Older but matching."
"535","Nivala","kaupunki","unresolved","representative_postal_code_multiple_dso_matches; municipality_postal_areas_map_to_multiple_dsos","85500","Nivala Keskus","2","Elenia Oy","Elenia Verkko Oyj","curated_alias_to_snapshot_name","22.79","5.89","no","Yleissiirto / general-transfer (comparison basis)","","2026-05-04","2026-05-06","matched","yes","https://www.elenia.fi/files/3368404e95e6e87870c3efd831994c0a6bf8b693/elenia-pienasiakkaat-hinnasto-4-2026-www-a4-fi-v2.pdf","https://www.sttinfo.fi/files/67340313/72011769/375325/fi","https://www.kuntaliitto.fi/kunnat/nivala","https://geo.stat.fi/geoserver/postialue/wfs?service=WFS&version=2.0.0&request=GetFeature&typeNames=postialue:pno_2026&outputFormat=application/json&count=5000&propertyName=posti_alue,nimi,kunta,pinta_ala","https://ev-shv-prod-app-wa-consumerapi1.azurewebsites.net/api/getdsocollection","Elenia Oy; Helen Sähköverkko Oy","City mapping: representative_postal_code_multiple_dso_matches; municipality_postal_areas_map_to_multiple_dsos Tariff note: 3x25 A grouped with smaller three-phase fuses; VAT 25.5%; electricity tax separate. Matched, 2026."
"535","Nivala","kaupunki","unresolved","representative_postal_code_multiple_dso_matches; municipality_postal_areas_map_to_multiple_dsos","85500","Nivala Keskus","2","Helen Sähköverkko Oy","Helen Sähköverkko Oy","exact_feed_name_to_snapshot_name","6.01","4.44","no","Yleissiirto / general-transfer (comparison basis)","","2026-05-04","2026-05-06","snapshot_value","yes","https://www.helensahkoverkko.fi/asiakastuki/asiakaspalvelu/hinnastot-ja-ehdot","https://www.sttinfo.fi/files/67340313/72011769/375325/fi","https://www.kuntaliitto.fi/kunnat/nivala","https://geo.stat.fi/geoserver/postialue/wfs?service=WFS&version=2.0.0&request=GetFeature&typeNames=postialue:pno_2026&outputFormat=application/json&count=5000&propertyName=posti_alue,nimi,kunta,pinta_ala","https://ev-shv-prod-app-wa-consumerapi1.azurewebsites.net/api/getdsocollection","Elenia Oy; Helen Sähköverkko Oy","City mapping: representative_postal_code_multiple_dso_matches; municipality_postal_areas_map_to_multiple_dsos Tariff note: Exact values found in the official tariff PDF effective 1.10.2025; current page has a 2026 tariff link. Older exact match; 2026 PDF link not separately extracted."
"536","Nokia","kaupunki","unresolved","representative_postal_code_multiple_dso_matches; municipality_postal_areas_map_to_multiple_dsos","37100","Nokia Keskus","2","Elenia Oy","Elenia Verkko Oyj","curated_alias_to_snapshot_name","22.79","5.89","no","Yleissiirto / general-transfer (comparison basis)","","2026-05-04","2026-05-06","matched","yes","https://www.elenia.fi/files/3368404e95e6e87870c3efd831994c0a6bf8b693/elenia-pienasiakkaat-hinnasto-4-2026-www-a4-fi-v2.pdf","https://www.sttinfo.fi/files/67340313/72011769/375325/fi","https://www.kuntaliitto.fi/kunnat/nokia","https://geo.stat.fi/geoserver/postialue/wfs?service=WFS&version=2.0.0&request=GetFeature&typeNames=postialue:pno_2026&outputFormat=application/json&count=5000&propertyName=posti_alue,nimi,kunta,pinta_ala","https://ev-shv-prod-app-wa-consumerapi1.azurewebsites.net/api/getdsocollection","Caruna Oy; Elenia Oy; Kokemäen Sähkö Oy; Köyliön-Säkylän Sähkö Oy","City mapping: representative_postal_code_multiple_dso_matches; municipality_postal_areas_map_to_multiple_dsos Tariff note: 3x25 A grouped with smaller three-phase fuses; VAT 25.5%; electricity tax separate. Matched, 2026."
"536","Nokia","kaupunki","unresolved","representative_postal_code_multiple_dso_matches; municipality_postal_areas_map_to_multiple_dsos","37100","Nokia Keskus","2","Kokemäen Sähkö Oy","Kokemäen Sähkö Oy","exact_feed_name_to_snapshot_name","23.23","5.11","no","Yleissiirto / general-transfer (comparison basis)","","2026-05-04","2026-05-06","older_but_matching","yes","https://kokemaensahko.fi/siirtohinnasto/","https://www.sttinfo.fi/files/67340313/72011769/375325/fi","https://www.kuntaliitto.fi/kunnat/nokia","https://geo.stat.fi/geoserver/postialue/wfs?service=WFS&version=2.0.0&request=GetFeature&typeNames=postialue:pno_2026&outputFormat=application/json&count=5000&propertyName=posti_alue,nimi,kunta,pinta_ala","https://ev-shv-prod-app-wa-consumerapi1.azurewebsites.net/api/getdsocollection","Caruna Oy; Elenia Oy; Kokemäen Sähkö Oy; Köyliön-Säkylän Sähkö Oy","City mapping: representative_postal_code_multiple_dso_matches; municipality_postal_areas_map_to_multiple_dsos Tariff note: Official tariff effective 1.9.2024 onward matches and is stated VAT-inclusive; no newer 2026-labelled tariff located. Older but matching."
"541","Nurmes","kaupunki","unresolved","representative_postal_code_multiple_dso_matches; municipality_has_multiple_centre_postal_areas; municipality_postal_areas_map_to_multiple_dsos","75500","Nurmes Keskus","2","PKS Sähkösiirto Oy","PKS Sähkönsiirto Oy","curated_alias_to_snapshot_name","42.04","5.46","no","Yleissiirto / general-transfer (comparison basis)","","2026-05-04","2026-05-06","snapshot_later_tariff_differs","yes","https://pkssahkonsiirto.fi/wp-content/uploads/pkss_verkkopalveluhinnasto_01072025.pdf","https://www.sttinfo.fi/files/67340313/72011769/375325/fi","https://www.kuntaliitto.fi/kunnat/nurmes","https://geo.stat.fi/geoserver/postialue/wfs?service=WFS&version=2.0.0&request=GetFeature&typeNames=postialue:pno_2026&outputFormat=application/json&count=5000&propertyName=posti_alue,nimi,kunta,pinta_ala","https://ev-shv-prod-app-wa-consumerapi1.azurewebsites.net/api/getdsocollection","PKS Sähkösiirto Oy; Savon Voima Verkko Oy","City mapping: representative_postal_code_multiple_dso_matches; municipality_has_multiple_centre_postal_areas; municipality_postal_areas_map_to_multiple_dsos Tariff note: Official 1.7.2025 tariff gives 42.04 €/month and 5.463 c/kWh, rounded here to 5.46; electricity tax separately listed. Current 1.7.2026 tariff shows 42.00 €/month. Snapshot matched; later tariff differs slightly."
"541","Nurmes","kaupunki","unresolved","representative_postal_code_multiple_dso_matches; municipality_has_multiple_centre_postal_areas; municipality_postal_areas_map_to_multiple_dsos","75500","Nurmes Keskus","2","Savon Voima Verkko Oy","Savon Voima Verkko Oy","exact_feed_name_to_snapshot_name","36.80","5.20","no","Yleissiirto / general-transfer (comparison basis)","","2026-05-04","2026-05-06","matched","yes","https://savonvoima.fi/hinnastot-ja-sopimusehdot/verkkopalveluhinnasto/","https://www.sttinfo.fi/files/67340313/72011769/375325/fi","https://www.kuntaliitto.fi/kunnat/nurmes","https://geo.stat.fi/geoserver/postialue/wfs?service=WFS&version=2.0.0&request=GetFeature&typeNames=postialue:pno_2026&outputFormat=application/json&count=5000&propertyName=posti_alue,nimi,kunta,pinta_ala","https://ev-shv-prod-app-wa-consumerapi1.azurewebsites.net/api/getdsocollection","PKS Sähkösiirto Oy; Savon Voima Verkko Oy","City mapping: representative_postal_code_multiple_dso_matches; municipality_has_multiple_centre_postal_areas; municipality_postal_areas_map_to_multiple_dsos Tariff note: Official tariff effective 1.6.2026 shows matching 3x25 A general values and tax separately. Matched."
"545","Närpiö","kaupunki","resolved_with_caveat","municipality_postal_areas_map_to_multiple_dsos","64200","Närpiö Keskus","1","Caruna Oy","Caruna Oy","exact_feed_name_to_snapshot_name","29.71","5.26","no","Yleissiirto / general-transfer (comparison basis)","","2026-05-04","2026-05-06","matched","yes","https://caruna.fi/hinnasto","https://www.sttinfo.fi/files/67340313/72011769/375325/fi","https://www.kuntaliitto.fi/kunnat/narpio","https://geo.stat.fi/geoserver/postialue/wfs?service=WFS&version=2.0.0&request=GetFeature&typeNames=postialue:pno_2026&outputFormat=application/json&count=5000&propertyName=posti_alue,nimi,kunta,pinta_ala","https://ev-shv-prod-app-wa-consumerapi1.azurewebsites.net/api/getdsocollection","Caruna Oy; Vaasan Sähköverkko Oy","City mapping: municipality_postal_areas_map_to_multiple_dsos Tariff note: Official page links the 1.1.2026 Caruna Oy tariff. Matched."
"560","Orimattila","kaupunki","unresolved","representative_postal_code_multiple_dso_matches; municipality_has_multiple_centre_postal_areas; municipality_postal_areas_map_to_multiple_dsos","16300","Orimattila Keskus","3","Kymenlaakson Sähköverkko Oy","Kymenlaakson Sähköverkko Oy","exact_feed_name_to_snapshot_name","23.87","2.85","no","Yleissiirto / general-transfer (comparison basis)","","2026-05-04","2026-05-06","snapshot_value","yes","https://www.ksoy.fi/hinnastot-ja-ehdot/pienasiakkaiden-verkkopalveluhinnasto/","https://www.sttinfo.fi/files/67340313/72011769/375325/fi","https://www.kuntaliitto.fi/kunnat/orimattila","https://geo.stat.fi/geoserver/postialue/wfs?service=WFS&version=2.0.0&request=GetFeature&typeNames=postialue:pno_2026&outputFormat=application/json&count=5000&propertyName=posti_alue,nimi,kunta,pinta_ala","https://ev-shv-prod-app-wa-consumerapi1.azurewebsites.net/api/getdsocollection","KSS Verkko Oy; Kymenlaakson Sähköverkko Oy; Lahti Energia Sähköverkko Oy; Nivos Energia Oy","City mapping: representative_postal_code_multiple_dso_matches; municipality_has_multiple_centre_postal_areas; municipality_postal_areas_map_to_multiple_dsos Tariff note: Official page shows 3x25/1x35 general fee and 2.845 c/kWh rounded to 2.85; the tariff archive references 1.11.2024. Older/unchanged but matching."
"560","Orimattila","kaupunki","unresolved","representative_postal_code_multiple_dso_matches; municipality_has_multiple_centre_postal_areas; municipality_postal_areas_map_to_multiple_dsos","16300","Orimattila Keskus","3","Lahti Energia Sähköverkko Oy","Lahti Energia Sähköverkko Oy","exact_feed_name_to_snapshot_name","7.22","2.95","no","Yleissiirto teho (comparison basis; power charge applies)","1.00","2026-05-04","2026-05-06","product_category_mismatch","yes","https://www.lahtienergia.fi/lahti-energia-sahkoverkko/sahkoverkon-hinnastot/sahkon-verkkopalvelumaksut/","https://www.sttinfo.fi/files/67340313/72011769/375325/fi","https://www.kuntaliitto.fi/kunnat/orimattila","https://geo.stat.fi/geoserver/postialue/wfs?service=WFS&version=2.0.0&request=GetFeature&typeNames=postialue:pno_2026&outputFormat=application/json&count=5000&propertyName=posti_alue,nimi,kunta,pinta_ala","https://ev-shv-prod-app-wa-consumerapi1.azurewebsites.net/api/getdsocollection","KSS Verkko Oy; Kymenlaakson Sähköverkko Oy; Lahti Energia Sähköverkko Oy; Nivos Energia Oy","City mapping: representative_postal_code_multiple_dso_matches; municipality_has_multiple_centre_postal_areas; municipality_postal_areas_map_to_multiple_dsos Tariff note: The official page's plain `Yleissiirto` is 6.53 €/month and 3.79 c/kWh. The source row 7.22 €/month and 2.95 c/kWh matches official `Yleissiirto teho`, which also has a separate power fee. Product-category mismatch: source row is not plain general transfer and omits the power fee."
"560","Orimattila","kaupunki","unresolved","representative_postal_code_multiple_dso_matches; municipality_has_multiple_centre_postal_areas; municipality_postal_areas_map_to_multiple_dsos","16300","Orimattila Keskus","3","Nivos Energia Oy","Nivos Verkot Oy","curated_alias_to_snapshot_name","20.24","4.99","no","Yleissiirto / general-transfer (comparison basis)","","2026-05-04","2026-05-06","matched","yes","https://nivos.fi/sahko/tuotteet-ja-palvelut/verkkopalvelutuotteet-ja-hinnastot/sahkoverkon-verkkopalveluhinnasto-yleistuotteet/","https://www.sttinfo.fi/files/67340313/72011769/375325/fi","https://www.kuntaliitto.fi/kunnat/orimattila","https://geo.stat.fi/geoserver/postialue/wfs?service=WFS&version=2.0.0&request=GetFeature&typeNames=postialue:pno_2026&outputFormat=application/json&count=5000&propertyName=posti_alue,nimi,kunta,pinta_ala","https://ev-shv-prod-app-wa-consumerapi1.azurewebsites.net/api/getdsocollection","KSS Verkko Oy; Kymenlaakson Sähköverkko Oy; Lahti Energia Sähköverkko Oy; Nivos Energia Oy","City mapping: representative_postal_code_multiple_dso_matches; municipality_has_multiple_centre_postal_areas; municipality_postal_areas_map_to_multiple_dsos Tariff note: Official page states tariff effective 1.1.2026 and that transfer charges exclude energy tax. Matched."
"562","Orivesi","kaupunki","resolved_with_caveat","municipality_postal_areas_map_to_multiple_dsos","35300","Orivesi Keskus","1","Elenia Oy","Elenia Verkko Oyj","curated_alias_to_snapshot_name","22.79","5.89","no","Yleissiirto / general-transfer (comparison basis)","","2026-05-04","2026-05-06","matched","yes","https://www.elenia.fi/files/3368404e95e6e87870c3efd831994c0a6bf8b693/elenia-pienasiakkaat-hinnasto-4-2026-www-a4-fi-v2.pdf","https://www.sttinfo.fi/files/67340313/72011769/375325/fi","https://www.kuntaliitto.fi/kunnat/orivesi","https://geo.stat.fi/geoserver/postialue/wfs?service=WFS&version=2.0.0&request=GetFeature&typeNames=postialue:pno_2026&outputFormat=application/json&count=5000&propertyName=posti_alue,nimi,kunta,pinta_ala","https://ev-shv-prod-app-wa-consumerapi1.azurewebsites.net/api/getdsocollection","Elenia Oy; Kuoreveden Sähkö Oy","City mapping: municipality_postal_areas_map_to_multiple_dsos Tariff note: 3x25 A grouped with smaller three-phase fuses; VAT 25.5%; electricity tax separate. Matched, 2026."
"563","Oulainen","kaupunki","resolved_representative_only","","86300","Oulainen Keskus","1","Elenia Oy","Elenia Verkko Oyj","curated_alias_to_snapshot_name","22.79","5.89","no","Yleissiirto / general-transfer (comparison basis)","","2026-05-04","2026-05-06","matched","yes","https://www.elenia.fi/files/3368404e95e6e87870c3efd831994c0a6bf8b693/elenia-pienasiakkaat-hinnasto-4-2026-www-a4-fi-v2.pdf","https://www.sttinfo.fi/files/67340313/72011769/375325/fi","https://www.kuntaliitto.fi/kunnat/oulainen","https://geo.stat.fi/geoserver/postialue/wfs?service=WFS&version=2.0.0&request=GetFeature&typeNames=postialue:pno_2026&outputFormat=application/json&count=5000&propertyName=posti_alue,nimi,kunta,pinta_ala","https://ev-shv-prod-app-wa-consumerapi1.azurewebsites.net/api/getdsocollection","Elenia Oy","Tariff note: 3x25 A grouped with smaller three-phase fuses; VAT 25.5%; electricity tax separate. Matched, 2026."
"564","Oulu","kaupunki","resolved_with_caveat","municipality_has_multiple_centre_postal_areas; municipality_postal_areas_map_to_multiple_dsos","90100","Oulu Keskus","1","Oulun Energia Sähköverkko Oy","Oulun Energia Sähköverkko Oy","exact_feed_name_to_snapshot_name","6.99","3.18","no","Yleissiirto / general-transfer (comparison basis)","","2026-05-04","2026-05-06","matched","yes","https://www.oulunenergia.fi/globalassets/tiedostot/sahkoverkot/oes_hinnasto_01012026.pdf","https://www.sttinfo.fi/files/67340313/72011769/375325/fi","https://www.kuntaliitto.fi/kunnat/oulu","https://geo.stat.fi/geoserver/postialue/wfs?service=WFS&version=2.0.0&request=GetFeature&typeNames=postialue:pno_2026&outputFormat=application/json&count=5000&propertyName=posti_alue,nimi,kunta,pinta_ala","https://ev-shv-prod-app-wa-consumerapi1.azurewebsites.net/api/getdsocollection","Caruna Oy; Haukiputaan Sähköosuuskunta; Oulun Energia Sähköverkko Oy; Oulun Seudun Sähkö Verkkopalvelut Oy","City mapping: municipality_has_multiple_centre_postal_areas; municipality_postal_areas_map_to_multiple_dsos Tariff note: Official 1.1.2026 `Yleissähkö`, 3x25–63 A fixed fee 83.88 €/year divided by 12, energy 3.18; tax added separately. Matched."
"577","Paimio","kaupunki","resolved_representative_only","","21530","Paimio Keskus","1","Caruna Oy","Caruna Oy","exact_feed_name_to_snapshot_name","29.71","5.26","no","Yleissiirto / general-transfer (comparison basis)","","2026-05-04","2026-05-06","matched","yes","https://caruna.fi/hinnasto","https://www.sttinfo.fi/files/67340313/72011769/375325/fi","https://www.kuntaliitto.fi/kunnat/paimio","https://geo.stat.fi/geoserver/postialue/wfs?service=WFS&version=2.0.0&request=GetFeature&typeNames=postialue:pno_2026&outputFormat=application/json&count=5000&propertyName=posti_alue,nimi,kunta,pinta_ala","https://ev-shv-prod-app-wa-consumerapi1.azurewebsites.net/api/getdsocollection","Caruna Oy","Tariff note: Official page links the 1.1.2026 Caruna Oy tariff. Matched."
"581","Parkano","kaupunki","resolved_representative_only","","39700","Parkano Keskus","1","Leppäkoski Group Oy","Leppäkosken Sähkö Oy","curated_alias_to_snapshot_name","21.56","4.86","no","Yleissiirto / general-transfer (comparison basis)","","2026-05-04","2026-05-06","matched","yes","https://leppakoski.fi/wp-content/uploads/2026/03/Verkkopalveluhinnasto-1.4.2026.pdf","https://www.sttinfo.fi/files/67340313/72011769/375325/fi","https://www.kuntaliitto.fi/kunnat/parkano","https://geo.stat.fi/geoserver/postialue/wfs?service=WFS&version=2.0.0&request=GetFeature&typeNames=postialue:pno_2026&outputFormat=application/json&count=5000&propertyName=posti_alue,nimi,kunta,pinta_ala","https://ev-shv-prod-app-wa-consumerapi1.azurewebsites.net/api/getdsocollection","Leppäkoski Group Oy","Tariff note: Official 1.4.2026 3x25 A general-transfer values; VAT 25.5%, electricity tax separate. Matched."
"593","Pieksämäki","kaupunki","unresolved","representative_postal_code_multiple_dso_matches; municipality_has_multiple_centre_postal_areas; municipality_postal_areas_map_to_multiple_dsos","76100","Pieksämäki Keskus","2","Järvi-Suomen Energia Oy","Järvi-Suomen Energia Oy","exact_feed_name_to_snapshot_name","44.44","5.14","no","Yleissiirto / general-transfer (comparison basis)","","2026-05-04","2026-05-06","snapshot_later_tariff_differs","yes","https://www.jseoy.fi/wp-content/uploads/2025/09/verkkopalveluhinnasto-1.7.2025-alkaen-saavutettava-1.1.pdf","https://www.sttinfo.fi/files/67340313/72011769/375325/fi","https://www.kuntaliitto.fi/kunnat/pieksamaki","https://geo.stat.fi/geoserver/postialue/wfs?service=WFS&version=2.0.0&request=GetFeature&typeNames=postialue:pno_2026&outputFormat=application/json&count=5000&propertyName=posti_alue,nimi,kunta,pinta_ala","https://ev-shv-prod-app-wa-consumerapi1.azurewebsites.net/api/getdsocollection","Järvi-Suomen Energia Oy; Savon Voima Verkko Oy","City mapping: representative_postal_code_multiple_dso_matches; municipality_has_multiple_centre_postal_areas; municipality_postal_areas_map_to_multiple_dsos Tariff note: Historical official 1.7.2025 tariff matches the snapshot. Official current tariff effective 1.7.2026 shows a later fixed fee of 47.55 €/month. Snapshot matched; later tariff differs."
"593","Pieksämäki","kaupunki","unresolved","representative_postal_code_multiple_dso_matches; municipality_has_multiple_centre_postal_areas; municipality_postal_areas_map_to_multiple_dsos","76100","Pieksämäki Keskus","2","Savon Voima Verkko Oy","Savon Voima Verkko Oy","exact_feed_name_to_snapshot_name","36.80","5.20","no","Yleissiirto / general-transfer (comparison basis)","","2026-05-04","2026-05-06","matched","yes","https://savonvoima.fi/hinnastot-ja-sopimusehdot/verkkopalveluhinnasto/","https://www.sttinfo.fi/files/67340313/72011769/375325/fi","https://www.kuntaliitto.fi/kunnat/pieksamaki","https://geo.stat.fi/geoserver/postialue/wfs?service=WFS&version=2.0.0&request=GetFeature&typeNames=postialue:pno_2026&outputFormat=application/json&count=5000&propertyName=posti_alue,nimi,kunta,pinta_ala","https://ev-shv-prod-app-wa-consumerapi1.azurewebsites.net/api/getdsocollection","Järvi-Suomen Energia Oy; Savon Voima Verkko Oy","City mapping: representative_postal_code_multiple_dso_matches; municipality_has_multiple_centre_postal_areas; municipality_postal_areas_map_to_multiple_dsos Tariff note: Official tariff effective 1.6.2026 shows matching 3x25 A general values and tax separately. Matched."
"598","Pietarsaari","kaupunki","unresolved","representative_postal_code_multiple_dso_matches; municipality_postal_areas_map_to_multiple_dsos","68600","Pietarsaari Keskus","4","Esse Elektro-Kraft Ab","Esse Elektro-Kraft Ab","exact_feed_name_to_snapshot_name","9.74","5.69","no","Yleissiirto / general-transfer (comparison basis)","","2026-05-04","2026-05-06","unverified","yes","https://eekab.fi/fi/hintatiedot/","https://www.sttinfo.fi/files/67340313/72011769/375325/fi","https://www.kuntaliitto.fi/kunnat/pietarsaari","https://geo.stat.fi/geoserver/postialue/wfs?service=WFS&version=2.0.0&request=GetFeature&typeNames=postialue:pno_2026&outputFormat=application/json&count=5000&propertyName=posti_alue,nimi,kunta,pinta_ala","https://ev-shv-prod-app-wa-consumerapi1.azurewebsites.net/api/getdsocollection","Esse Elektro-Kraft Ab; Herrfors Nät-Verkko Oy Ab; Kronoby Elverk Ab; Nykarleby Kraftverk Ab","City mapping: representative_postal_code_multiple_dso_matches; municipality_postal_areas_map_to_multiple_dsos Tariff note: Official tariff located, but the tariff PDF found was dated 1.9.2024 and did not independently confirm the 2026 value. Unverified 2026 match."
"598","Pietarsaari","kaupunki","unresolved","representative_postal_code_multiple_dso_matches; municipality_postal_areas_map_to_multiple_dsos","68600","Pietarsaari Keskus","4","Herrfors Nät-Verkko Oy Ab","Herrfors Nät-Verkko Oy Ab","exact_feed_name_to_snapshot_name","13.57","3.93","no","Yleissiirto / general-transfer (comparison basis)","","2026-05-04","2026-05-06","older_but_matching","yes","https://www.herrforsnat.fi/fi/kotitaloudet/hinnastot/verkkopalveluhinnasto/","https://www.sttinfo.fi/files/67340313/72011769/375325/fi","https://www.kuntaliitto.fi/kunnat/pietarsaari","https://geo.stat.fi/geoserver/postialue/wfs?service=WFS&version=2.0.0&request=GetFeature&typeNames=postialue:pno_2026&outputFormat=application/json&count=5000&propertyName=posti_alue,nimi,kunta,pinta_ala","https://ev-shv-prod-app-wa-consumerapi1.azurewebsites.net/api/getdsocollection","Esse Elektro-Kraft Ab; Herrfors Nät-Verkko Oy Ab; Kronoby Elverk Ab; Nykarleby Kraftverk Ab","City mapping: representative_postal_code_multiple_dso_matches; municipality_postal_areas_map_to_multiple_dsos Tariff note: Official 1.1.2025 tariff matches; prices exclude electricity tax and include VAT. Older but matching."
"598","Pietarsaari","kaupunki","unresolved","representative_postal_code_multiple_dso_matches; municipality_postal_areas_map_to_multiple_dsos","68600","Pietarsaari Keskus","4","Kronoby Elverk Ab","Kronoby Elverk Ab","exact_feed_name_to_snapshot_name","12.02","5.21","no","Yleissiirto / general-transfer (comparison basis)","","2026-05-04","2026-05-06","older_but_matching","yes","https://kronobyelverk.fi/kommande-tariffer/","https://www.sttinfo.fi/files/67340313/72011769/375325/fi","https://www.kuntaliitto.fi/kunnat/pietarsaari","https://geo.stat.fi/geoserver/postialue/wfs?service=WFS&version=2.0.0&request=GetFeature&typeNames=postialue:pno_2026&outputFormat=application/json&count=5000&propertyName=posti_alue,nimi,kunta,pinta_ala","https://ev-shv-prod-app-wa-consumerapi1.azurewebsites.net/api/getdsocollection","Esse Elektro-Kraft Ab; Herrfors Nät-Verkko Oy Ab; Kronoby Elverk Ab; Nykarleby Kraftverk Ab","City mapping: representative_postal_code_multiple_dso_matches; municipality_postal_areas_map_to_multiple_dsos Tariff note: Official 1.10.2025 `Normaltariff`; annual fixed fee divided by 12 and transfer charge separated from tax. Older but matching."
"598","Pietarsaari","kaupunki","unresolved","representative_postal_code_multiple_dso_matches; municipality_postal_areas_map_to_multiple_dsos","68600","Pietarsaari Keskus","4","Nykarleby Kraftverk Ab","Nykarleby Kraftverk Ab","exact_feed_name_to_snapshot_name","17.00","4.70","no","Yleissiirto / general-transfer (comparison basis)","","2026-05-04","2026-05-06","snapshot_later_tariff_differs","yes","https://nkab.fi/wp-content/uploads/2026/05/nkab-nattjanstavgifter-01052025v4.pdf","https://www.sttinfo.fi/files/67340313/72011769/375325/fi","https://www.kuntaliitto.fi/kunnat/pietarsaari","https://geo.stat.fi/geoserver/postialue/wfs?service=WFS&version=2.0.0&request=GetFeature&typeNames=postialue:pno_2026&outputFormat=application/json&count=5000&propertyName=posti_alue,nimi,kunta,pinta_ala","https://ev-shv-prod-app-wa-consumerapi1.azurewebsites.net/api/getdsocollection","Esse Elektro-Kraft Ab; Herrfors Nät-Verkko Oy Ab; Kronoby Elverk Ab; Nykarleby Kraftverk Ab","City mapping: representative_postal_code_multiple_dso_matches; municipality_postal_areas_map_to_multiple_dsos Tariff note: Official 1.5.2025 tariff matches. Official current 1.7.2026 tariff is 18.02 €/month and 4.98 c/kWh. Snapshot matched; later tariff differs."
"609","Pori","kaupunki","unresolved","representative_postal_code_multiple_dso_matches; municipality_has_multiple_centre_postal_areas; municipality_postal_areas_map_to_multiple_dsos","28100","Pori Keskus","2","Caruna Oy","Caruna Oy","exact_feed_name_to_snapshot_name","29.71","5.26","no","Yleissiirto / general-transfer (comparison basis)","","2026-05-04","2026-05-06","matched","yes","https://caruna.fi/hinnasto","https://www.sttinfo.fi/files/67340313/72011769/375325/fi","https://www.kuntaliitto.fi/kunnat/pori","https://geo.stat.fi/geoserver/postialue/wfs?service=WFS&version=2.0.0&request=GetFeature&typeNames=postialue:pno_2026&outputFormat=application/json&count=5000&propertyName=posti_alue,nimi,kunta,pinta_ala","https://ev-shv-prod-app-wa-consumerapi1.azurewebsites.net/api/getdsocollection","Caruna Oy; Lankosken Sähkö Oy; Pori Energia Sähköverkot Oy; Vatajankoski Oy","City mapping: representative_postal_code_multiple_dso_matches; municipality_has_multiple_centre_postal_areas; municipality_postal_areas_map_to_multiple_dsos Tariff note: Official page links the 1.1.2026 Caruna Oy tariff. Matched."
"609","Pori","kaupunki","unresolved","representative_postal_code_multiple_dso_matches; municipality_has_multiple_centre_postal_areas; municipality_postal_areas_map_to_multiple_dsos","28100","Pori Keskus","2","Pori Energia Sähköverkot Oy","Pori Energia Sähköverkot Oy","exact_feed_name_to_snapshot_name","14.39","3.38","no","Yleissiirto / general-transfer (comparison basis)","","2026-05-04","2026-05-06","older_but_matching","yes","https://www.porienergia.fi/globalassets/hinnastot/pesvin-hinnastot/1.10.2025-alkaen/pori-energia-sahkoverkot-oy-verkkopalveluhinnasto-1.10.2025-alkaen.pdf","https://www.sttinfo.fi/files/67340313/72011769/375325/fi","https://www.kuntaliitto.fi/kunnat/pori","https://geo.stat.fi/geoserver/postialue/wfs?service=WFS&version=2.0.0&request=GetFeature&typeNames=postialue:pno_2026&outputFormat=application/json&count=5000&propertyName=posti_alue,nimi,kunta,pinta_ala","https://ev-shv-prod-app-wa-consumerapi1.azurewebsites.net/api/getdsocollection","Caruna Oy; Lankosken Sähkö Oy; Pori Energia Sähköverkot Oy; Vatajankoski Oy","City mapping: representative_postal_code_multiple_dso_matches; municipality_has_multiple_centre_postal_areas; municipality_postal_areas_map_to_multiple_dsos Tariff note: Official 1.10.2025 general 3x25 A tariff matches; tax separate. Older but matching."
"615","Pudasjärvi","kaupunki","resolved_representative_only","","93100","Pudasjärvi Keskus","1","Caruna Oy","Caruna Oy","exact_feed_name_to_snapshot_name","29.71","5.26","no","Yleissiirto / general-transfer (comparison basis)","","2026-05-04","2026-05-06","matched","yes","https://caruna.fi/hinnasto","https://www.sttinfo.fi/files/67340313/72011769/375325/fi","https://www.kuntaliitto.fi/kunnat/pudasjarvi","https://geo.stat.fi/geoserver/postialue/wfs?service=WFS&version=2.0.0&request=GetFeature&typeNames=postialue:pno_2026&outputFormat=application/json&count=5000&propertyName=posti_alue,nimi,kunta,pinta_ala","https://ev-shv-prod-app-wa-consumerapi1.azurewebsites.net/api/getdsocollection","Caruna Oy","Tariff note: Official page links the 1.1.2026 Caruna Oy tariff. Matched."
"626","Pyhäjärvi","kaupunki","resolved_with_caveat","municipality_postal_areas_map_to_multiple_dsos; postal_code_is_proxy_not_exact_centre; manual_checkpoint_proxy","86800","Pyhäsalmi","1","Elenia Oy","Elenia Verkko Oyj","curated_alias_to_snapshot_name","22.79","5.89","no","Yleissiirto / general-transfer (comparison basis)","","2026-05-04","2026-05-06","matched","yes","https://www.elenia.fi/files/3368404e95e6e87870c3efd831994c0a6bf8b693/elenia-pienasiakkaat-hinnasto-4-2026-www-a4-fi-v2.pdf","https://www.sttinfo.fi/files/67340313/72011769/375325/fi","https://www.kuntaliitto.fi/kunnat/pyhajarvi","https://geo.stat.fi/geoserver/postialue/wfs?service=WFS&version=2.0.0&request=GetFeature&typeNames=postialue:pno_2026&outputFormat=application/json&count=5000&propertyName=posti_alue,nimi,kunta,pinta_ala","https://ev-shv-prod-app-wa-consumerapi1.azurewebsites.net/api/getdsocollection","Elenia Oy; Savon Voima Verkko Oy","City mapping: municipality_postal_areas_map_to_multiple_dsos; postal_code_is_proxy_not_exact_centre; manual_checkpoint_proxy Tariff note: 3x25 A grouped with smaller three-phase fuses; VAT 25.5%; electricity tax separate. Matched, 2026."
"638","Porvoo","kaupunki","unresolved","representative_postal_code_multiple_dso_matches; municipality_postal_areas_map_to_multiple_dsos","06100","Porvoo Keskus","2","Kymenlaakson Sähköverkko Oy","Kymenlaakson Sähköverkko Oy","exact_feed_name_to_snapshot_name","23.87","2.85","no","Yleissiirto / general-transfer (comparison basis)","","2026-05-04","2026-05-06","snapshot_value","yes","https://www.ksoy.fi/hinnastot-ja-ehdot/pienasiakkaiden-verkkopalveluhinnasto/","https://www.sttinfo.fi/files/67340313/72011769/375325/fi","https://www.kuntaliitto.fi/kunnat/porvoo","https://geo.stat.fi/geoserver/postialue/wfs?service=WFS&version=2.0.0&request=GetFeature&typeNames=postialue:pno_2026&outputFormat=application/json&count=5000&propertyName=posti_alue,nimi,kunta,pinta_ala","https://ev-shv-prod-app-wa-consumerapi1.azurewebsites.net/api/getdsocollection","Kymenlaakson Sähköverkko Oy; Porvoon Sähköverkko Oy; Sipoon Energia Oy","City mapping: representative_postal_code_multiple_dso_matches; municipality_postal_areas_map_to_multiple_dsos Tariff note: Official page shows 3x25/1x35 general fee and 2.845 c/kWh rounded to 2.85; the tariff archive references 1.11.2024. Older/unchanged but matching."
"638","Porvoo","kaupunki","unresolved","representative_postal_code_multiple_dso_matches; municipality_postal_areas_map_to_multiple_dsos","06100","Porvoo Keskus","2","Porvoon Sähköverkko Oy","Porvoon Sähköverkko Oy","exact_feed_name_to_snapshot_name","16.30","3.15","no","Yleissiirto / general-transfer (comparison basis)","","2026-05-04","2026-05-06","snapshot_later_tariff_differs","yes","https://pbe.fi/fi/yritys/hinnasto-ja-sopimusehdot/siirtohinnat/","https://www.sttinfo.fi/files/67340313/72011769/375325/fi","https://www.kuntaliitto.fi/kunnat/porvoo","https://geo.stat.fi/geoserver/postialue/wfs?service=WFS&version=2.0.0&request=GetFeature&typeNames=postialue:pno_2026&outputFormat=application/json&count=5000&propertyName=posti_alue,nimi,kunta,pinta_ala","https://ev-shv-prod-app-wa-consumerapi1.azurewebsites.net/api/getdsocollection","Kymenlaakson Sähköverkko Oy; Porvoon Sähköverkko Oy; Sipoon Energia Oy","City mapping: representative_postal_code_multiple_dso_matches; municipality_postal_areas_map_to_multiple_dsos Tariff note: Official 1.9.2025–31.8.2026 tariff matches the snapshot. A later 1.9.2026 tariff was already published and changes the fixed fee. Snapshot matched; later tariff differs."
"678","Raahe","kaupunki","unresolved","representative_postal_code_multiple_dso_matches; municipality_has_multiple_centre_postal_areas; municipality_postal_areas_map_to_multiple_dsos","92100","Raahe Keskus","4","Elenia Oy","Elenia Verkko Oyj","curated_alias_to_snapshot_name","22.79","5.89","no","Yleissiirto / general-transfer (comparison basis)","","2026-05-04","2026-05-06","matched","yes","https://www.elenia.fi/files/3368404e95e6e87870c3efd831994c0a6bf8b693/elenia-pienasiakkaat-hinnasto-4-2026-www-a4-fi-v2.pdf","https://www.sttinfo.fi/files/67340313/72011769/375325/fi","https://www.kuntaliitto.fi/kunnat/raahe","https://geo.stat.fi/geoserver/postialue/wfs?service=WFS&version=2.0.0&request=GetFeature&typeNames=postialue:pno_2026&outputFormat=application/json&count=5000&propertyName=posti_alue,nimi,kunta,pinta_ala","https://ev-shv-prod-app-wa-consumerapi1.azurewebsites.net/api/getdsocollection","Elenia Oy; Keminmaan Energia Oy; Oulun Energia Sähköverkko Oy; Raahen Energia Oy; Rovaniemen Verkko Oy","City mapping: representative_postal_code_multiple_dso_matches; municipality_has_multiple_centre_postal_areas; municipality_postal_areas_map_to_multiple_dsos Tariff note: 3x25 A grouped with smaller three-phase fuses; VAT 25.5%; electricity tax separate. Matched, 2026."
"678","Raahe","kaupunki","unresolved","representative_postal_code_multiple_dso_matches; municipality_has_multiple_centre_postal_areas; municipality_postal_areas_map_to_multiple_dsos","92100","Raahe Keskus","4","Oulun Energia Sähköverkko Oy","Oulun Energia Sähköverkko Oy","exact_feed_name_to_snapshot_name","6.99","3.18","no","Yleissiirto / general-transfer (comparison basis)","","2026-05-04","2026-05-06","matched","yes","https://www.oulunenergia.fi/globalassets/tiedostot/sahkoverkot/oes_hinnasto_01012026.pdf","https://www.sttinfo.fi/files/67340313/72011769/375325/fi","https://www.kuntaliitto.fi/kunnat/raahe","https://geo.stat.fi/geoserver/postialue/wfs?service=WFS&version=2.0.0&request=GetFeature&typeNames=postialue:pno_2026&outputFormat=application/json&count=5000&propertyName=posti_alue,nimi,kunta,pinta_ala","https://ev-shv-prod-app-wa-consumerapi1.azurewebsites.net/api/getdsocollection","Elenia Oy; Keminmaan Energia Oy; Oulun Energia Sähköverkko Oy; Raahen Energia Oy; Rovaniemen Verkko Oy","City mapping: representative_postal_code_multiple_dso_matches; municipality_has_multiple_centre_postal_areas; municipality_postal_areas_map_to_multiple_dsos Tariff note: Official 1.1.2026 `Yleissähkö`, 3x25–63 A fixed fee 83.88 €/year divided by 12, energy 3.18; tax added separately. Matched."
"678","Raahe","kaupunki","unresolved","representative_postal_code_multiple_dso_matches; municipality_has_multiple_centre_postal_areas; municipality_postal_areas_map_to_multiple_dsos","92100","Raahe Keskus","4","Raahen Energia Oy","Raahen Energia Oy","exact_feed_name_to_snapshot_name","5.97","5.79","no","Yleissiirto / general-transfer (comparison basis)","","2026-05-04","2026-05-06","snapshot_later_tariff_differs","yes","https://www.raahenenergia.fi/wp-content/uploads/2025/04/Verkkopalveluhinnasto_01062025_Raahe.pdf","https://www.sttinfo.fi/files/67340313/72011769/375325/fi","https://www.kuntaliitto.fi/kunnat/raahe","https://geo.stat.fi/geoserver/postialue/wfs?service=WFS&version=2.0.0&request=GetFeature&typeNames=postialue:pno_2026&outputFormat=application/json&count=5000&propertyName=posti_alue,nimi,kunta,pinta_ala","https://ev-shv-prod-app-wa-consumerapi1.azurewebsites.net/api/getdsocollection","Elenia Oy; Keminmaan Energia Oy; Oulun Energia Sähköverkko Oy; Raahen Energia Oy; Rovaniemen Verkko Oy","City mapping: representative_postal_code_multiple_dso_matches; municipality_has_multiple_centre_postal_areas; municipality_postal_areas_map_to_multiple_dsos Tariff note: Official 1.6.2025 tariff matches; electricity tax separately shown. The operator published a later 1.7.2026 tariff. Snapshot matched; later tariff exists."
"678","Raahe","kaupunki","unresolved","representative_postal_code_multiple_dso_matches; municipality_has_multiple_centre_postal_areas; municipality_postal_areas_map_to_multiple_dsos","92100","Raahe Keskus","4","Rovaniemen Verkko Oy","Rovaniemen Verkko Oy","exact_feed_name_to_snapshot_name","8.16","2.45","no","Yleissiirto / general-transfer (comparison basis)","","2026-05-04","2026-05-06","older_but_matching","yes","https://neve.fi/sahko/hinnasto/","https://www.sttinfo.fi/files/67340313/72011769/375325/fi","https://www.kuntaliitto.fi/kunnat/raahe","https://geo.stat.fi/geoserver/postialue/wfs?service=WFS&version=2.0.0&request=GetFeature&typeNames=postialue:pno_2026&outputFormat=application/json&count=5000&propertyName=posti_alue,nimi,kunta,pinta_ala","https://ev-shv-prod-app-wa-consumerapi1.azurewebsites.net/api/getdsocollection","Elenia Oy; Keminmaan Energia Oy; Oulun Energia Sähköverkko Oy; Raahen Energia Oy; Rovaniemen Verkko Oy","City mapping: representative_postal_code_multiple_dso_matches; municipality_has_multiple_centre_postal_areas; municipality_postal_areas_map_to_multiple_dsos Tariff note: Official page states the matching values remain effective from 1.8.2024; prices exclude electricity tax. Older but matching."
"680","Raisio","kaupunki","unresolved","representative_postal_code_multiple_dso_matches; municipality_postal_areas_map_to_multiple_dsos","21200","Raisio Keskus","2","Caruna Oy","Caruna Oy","exact_feed_name_to_snapshot_name","29.71","5.26","no","Yleissiirto / general-transfer (comparison basis)","","2026-05-04","2026-05-06","matched","yes","https://caruna.fi/hinnasto","https://www.sttinfo.fi/files/67340313/72011769/375325/fi","https://www.kuntaliitto.fi/kunnat/raisio","https://geo.stat.fi/geoserver/postialue/wfs?service=WFS&version=2.0.0&request=GetFeature&typeNames=postialue:pno_2026&outputFormat=application/json&count=5000&propertyName=posti_alue,nimi,kunta,pinta_ala","https://ev-shv-prod-app-wa-consumerapi1.azurewebsites.net/api/getdsocollection","Caruna Oy; Naantalin Energia Oy; Turku Energia Sähköverkot Oy","City mapping: representative_postal_code_multiple_dso_matches; municipality_postal_areas_map_to_multiple_dsos Tariff note: Official page links the 1.1.2026 Caruna Oy tariff. Matched."
"680","Raisio","kaupunki","unresolved","representative_postal_code_multiple_dso_matches; municipality_postal_areas_map_to_multiple_dsos","21200","Raisio Keskus","2","Naantalin Energia Oy","Naantalin Energia Oy","exact_feed_name_to_snapshot_name","11.79","4.42","no","Yleissiirto / general-transfer (comparison basis)","","2026-05-04","2026-05-06","older_but_matching","yes","https://naantalinenergia.fi/sahkoverkko/verkkopalveluhinnasto/","https://www.sttinfo.fi/files/67340313/72011769/375325/fi","https://www.kuntaliitto.fi/kunnat/raisio","https://geo.stat.fi/geoserver/postialue/wfs?service=WFS&version=2.0.0&request=GetFeature&typeNames=postialue:pno_2026&outputFormat=application/json&count=5000&propertyName=posti_alue,nimi,kunta,pinta_ala","https://ev-shv-prod-app-wa-consumerapi1.azurewebsites.net/api/getdsocollection","Caruna Oy; Naantalin Energia Oy; Turku Energia Sähköverkot Oy","City mapping: representative_postal_code_multiple_dso_matches; municipality_postal_areas_map_to_multiple_dsos Tariff note: Official 1.7.2025 tariff, VAT 25.5%, matches 3x25 A and energy charge; electricity tax separately shown. Older but matching."
"684","Rauma","kaupunki","unresolved","representative_postal_code_multiple_dso_matches; municipality_postal_areas_map_to_multiple_dsos","26100","Rauma Keskus","2","Rauman Energia Oy","Rauman Energia Sähköverkko Oy","curated_alias_to_snapshot_name","12.00","3.04","no","Yleissiirto / general-transfer (comparison basis)","","2026-05-04","2026-05-06","matched","yes","https://raumanenergia.fi/files/sites/1780/res-verkkopalveluhinnasto-1-1-2026-alkaen-b8af84a7-07fb-46d5-86a4-47d61ebb5a92.pdf","https://www.sttinfo.fi/files/67340313/72011769/375325/fi","https://www.kuntaliitto.fi/kunnat/rauma","https://geo.stat.fi/geoserver/postialue/wfs?service=WFS&version=2.0.0&request=GetFeature&typeNames=postialue:pno_2026&outputFormat=application/json&count=5000&propertyName=posti_alue,nimi,kunta,pinta_ala","https://ev-shv-prod-app-wa-consumerapi1.azurewebsites.net/api/getdsocollection","Paneliankosken Voima Oy; Rauman Energia Oy; Vakka-Suomen Voima Oy","City mapping: representative_postal_code_multiple_dso_matches; municipality_postal_areas_map_to_multiple_dsos Tariff note: Official 1.1.2026 tariff, 3x25 A general transfer, VAT 25.5%. Matched."
"684","Rauma","kaupunki","unresolved","representative_postal_code_multiple_dso_matches; municipality_postal_areas_map_to_multiple_dsos","26100","Rauma Keskus","2","Vakka-Suomen Voima Oy","VSV Sähköverkko Oy","curated_alias_to_snapshot_name","17.80","4.30","no","Yleissiirto / general-transfer (comparison basis)","","2026-05-04","2026-05-06","matched","yes","https://vsv.fi/files/sites/8763/verkkopalveluhinnasto-01042026_alv-25-5-cd1c90fb-786f-4014-b021-3a76c2f4807c.pdf","https://www.sttinfo.fi/files/67340313/72011769/375325/fi","https://www.kuntaliitto.fi/kunnat/rauma","https://geo.stat.fi/geoserver/postialue/wfs?service=WFS&version=2.0.0&request=GetFeature&typeNames=postialue:pno_2026&outputFormat=application/json&count=5000&propertyName=posti_alue,nimi,kunta,pinta_ala","https://ev-shv-prod-app-wa-consumerapi1.azurewebsites.net/api/getdsocollection","Paneliankosken Voima Oy; Rauman Energia Oy; Vakka-Suomen Voima Oy","City mapping: representative_postal_code_multiple_dso_matches; municipality_postal_areas_map_to_multiple_dsos Tariff note: Official 1.4.2026 `Yleissiirto`, 3x25 A, VAT 25.5%. Matched."
"694","Riihimäki","kaupunki","unresolved","representative_postal_code_multiple_dso_matches; municipality_postal_areas_map_to_multiple_dsos","11100","Riihimäki Keskus","2","Caruna Oy","Caruna Oy","exact_feed_name_to_snapshot_name","29.71","5.26","no","Yleissiirto / general-transfer (comparison basis)","","2026-05-04","2026-05-06","matched","yes","https://caruna.fi/hinnasto","https://www.sttinfo.fi/files/67340313/72011769/375325/fi","https://www.kuntaliitto.fi/kunnat/riihimaki","https://geo.stat.fi/geoserver/postialue/wfs?service=WFS&version=2.0.0&request=GetFeature&typeNames=postialue:pno_2026&outputFormat=application/json&count=5000&propertyName=posti_alue,nimi,kunta,pinta_ala","https://ev-shv-prod-app-wa-consumerapi1.azurewebsites.net/api/getdsocollection","Caruna Oy; Kokemäen Sähkö Oy","City mapping: representative_postal_code_multiple_dso_matches; municipality_postal_areas_map_to_multiple_dsos Tariff note: Official page links the 1.1.2026 Caruna Oy tariff. Matched."
"694","Riihimäki","kaupunki","unresolved","representative_postal_code_multiple_dso_matches; municipality_postal_areas_map_to_multiple_dsos","11100","Riihimäki Keskus","2","Kokemäen Sähkö Oy","Kokemäen Sähkö Oy","exact_feed_name_to_snapshot_name","23.23","5.11","no","Yleissiirto / general-transfer (comparison basis)","","2026-05-04","2026-05-06","older_but_matching","yes","https://kokemaensahko.fi/siirtohinnasto/","https://www.sttinfo.fi/files/67340313/72011769/375325/fi","https://www.kuntaliitto.fi/kunnat/riihimaki","https://geo.stat.fi/geoserver/postialue/wfs?service=WFS&version=2.0.0&request=GetFeature&typeNames=postialue:pno_2026&outputFormat=application/json&count=5000&propertyName=posti_alue,nimi,kunta,pinta_ala","https://ev-shv-prod-app-wa-consumerapi1.azurewebsites.net/api/getdsocollection","Caruna Oy; Kokemäen Sähkö Oy","City mapping: representative_postal_code_multiple_dso_matches; municipality_postal_areas_map_to_multiple_dsos Tariff note: Official tariff effective 1.9.2024 onward matches and is stated VAT-inclusive; no newer 2026-labelled tariff located. Older but matching."
"698","Rovaniemi","kaupunki","unresolved","representative_postal_code_multiple_dso_matches; municipality_postal_areas_map_to_multiple_dsos","96100","Rovaniemi Keskus","2","Rovakaira Oy","Rovakaira Oy","exact_feed_name_to_snapshot_name","22.53","1.71","no","Yleissiirto / general-transfer (comparison basis)","","2026-05-04","2026-05-06","snapshot_later_tariff_differs","yes","https://rovakaira.fi/verkkopalveluhinnasto/","https://www.sttinfo.fi/files/67340313/72011769/375325/fi","https://www.kuntaliitto.fi/kunnat/rovaniemi","https://geo.stat.fi/geoserver/postialue/wfs?service=WFS&version=2.0.0&request=GetFeature&typeNames=postialue:pno_2026&outputFormat=application/json&count=5000&propertyName=posti_alue,nimi,kunta,pinta_ala","https://ev-shv-prod-app-wa-consumerapi1.azurewebsites.net/api/getdsocollection","Caruna Oy; Koillis-Lapin Sähkö Oy; Rovakaira Oy; Rovaniemen Verkko Oy; Tenergia Oy","City mapping: representative_postal_code_multiple_dso_matches; municipality_postal_areas_map_to_multiple_dsos Tariff note: Historical 1.4.2025 tariff matches the snapshot. Official current tariff effective 1.5.2026 shows 24.56 €/month while energy remains 1.71 c/kWh. Snapshot matched; later tariff differs."
"698","Rovaniemi","kaupunki","unresolved","representative_postal_code_multiple_dso_matches; municipality_postal_areas_map_to_multiple_dsos","96100","Rovaniemi Keskus","2","Rovaniemen Verkko Oy","Rovaniemen Verkko Oy","exact_feed_name_to_snapshot_name","8.16","2.45","no","Yleissiirto / general-transfer (comparison basis)","","2026-05-04","2026-05-06","older_but_matching","yes","https://neve.fi/sahko/hinnasto/","https://www.sttinfo.fi/files/67340313/72011769/375325/fi","https://www.kuntaliitto.fi/kunnat/rovaniemi","https://geo.stat.fi/geoserver/postialue/wfs?service=WFS&version=2.0.0&request=GetFeature&typeNames=postialue:pno_2026&outputFormat=application/json&count=5000&propertyName=posti_alue,nimi,kunta,pinta_ala","https://ev-shv-prod-app-wa-consumerapi1.azurewebsites.net/api/getdsocollection","Caruna Oy; Koillis-Lapin Sähkö Oy; Rovakaira Oy; Rovaniemen Verkko Oy; Tenergia Oy","City mapping: representative_postal_code_multiple_dso_matches; municipality_postal_areas_map_to_multiple_dsos Tariff note: Official page states the matching values remain effective from 1.8.2024; prices exclude electricity tax. Older but matching."
"710","Raasepori","kaupunki","unresolved","representative_postal_code_multiple_dso_matches; municipality_has_multiple_centre_postal_areas; municipality_postal_areas_map_to_multiple_dsos; postal_code_is_proxy_not_exact_centre","10300","Karjaa Keskus","2","Caruna Oy","Caruna Oy","exact_feed_name_to_snapshot_name","29.71","5.26","no","Yleissiirto / general-transfer (comparison basis)","","2026-05-04","2026-05-06","matched","yes","https://caruna.fi/hinnasto","https://www.sttinfo.fi/files/67340313/72011769/375325/fi","https://www.kuntaliitto.fi/kunnat/raasepori","https://geo.stat.fi/geoserver/postialue/wfs?service=WFS&version=2.0.0&request=GetFeature&typeNames=postialue:pno_2026&outputFormat=application/json&count=5000&propertyName=posti_alue,nimi,kunta,pinta_ala","https://ev-shv-prod-app-wa-consumerapi1.azurewebsites.net/api/getdsocollection","Caruna Oy; Helen Sähköverkko Oy; Raseborgs Energi Ab - Raaseporin Energia Oy","City mapping: representative_postal_code_multiple_dso_matches; municipality_has_multiple_centre_postal_areas; municipality_postal_areas_map_to_multiple_dsos; postal_code_is_proxy_not_exact_centre Tariff note: Official page links the 1.1.2026 Caruna Oy tariff. Matched."
"710","Raasepori","kaupunki","unresolved","representative_postal_code_multiple_dso_matches; municipality_has_multiple_centre_postal_areas; municipality_postal_areas_map_to_multiple_dsos; postal_code_is_proxy_not_exact_centre","10300","Karjaa Keskus","2","Helen Sähköverkko Oy","Helen Sähköverkko Oy","exact_feed_name_to_snapshot_name","6.01","4.44","no","Yleissiirto / general-transfer (comparison basis)","","2026-05-04","2026-05-06","snapshot_value","yes","https://www.helensahkoverkko.fi/asiakastuki/asiakaspalvelu/hinnastot-ja-ehdot","https://www.sttinfo.fi/files/67340313/72011769/375325/fi","https://www.kuntaliitto.fi/kunnat/raasepori","https://geo.stat.fi/geoserver/postialue/wfs?service=WFS&version=2.0.0&request=GetFeature&typeNames=postialue:pno_2026&outputFormat=application/json&count=5000&propertyName=posti_alue,nimi,kunta,pinta_ala","https://ev-shv-prod-app-wa-consumerapi1.azurewebsites.net/api/getdsocollection","Caruna Oy; Helen Sähköverkko Oy; Raseborgs Energi Ab - Raaseporin Energia Oy","City mapping: representative_postal_code_multiple_dso_matches; municipality_has_multiple_centre_postal_areas; municipality_postal_areas_map_to_multiple_dsos; postal_code_is_proxy_not_exact_centre Tariff note: Exact values found in the official tariff PDF effective 1.10.2025; current page has a 2026 tariff link. Older exact match; 2026 PDF link not separately extracted."
"729","Saarijärvi","kaupunki","resolved_with_caveat","municipality_has_multiple_centre_postal_areas","43100","Saarijärvi Keskus","1","Elenia Oy","Elenia Verkko Oyj","curated_alias_to_snapshot_name","22.79","5.89","no","Yleissiirto / general-transfer (comparison basis)","","2026-05-04","2026-05-06","matched","yes","https://www.elenia.fi/files/3368404e95e6e87870c3efd831994c0a6bf8b693/elenia-pienasiakkaat-hinnasto-4-2026-www-a4-fi-v2.pdf","https://www.sttinfo.fi/files/67340313/72011769/375325/fi","https://www.kuntaliitto.fi/kunnat/saarijarvi","https://geo.stat.fi/geoserver/postialue/wfs?service=WFS&version=2.0.0&request=GetFeature&typeNames=postialue:pno_2026&outputFormat=application/json&count=5000&propertyName=posti_alue,nimi,kunta,pinta_ala","https://ev-shv-prod-app-wa-consumerapi1.azurewebsites.net/api/getdsocollection","Elenia Oy","City mapping: municipality_has_multiple_centre_postal_areas Tariff note: 3x25 A grouped with smaller three-phase fuses; VAT 25.5%; electricity tax separate. Matched, 2026."
"734","Salo","kaupunki","resolved_with_caveat","municipality_has_multiple_centre_postal_areas; municipality_postal_areas_map_to_multiple_dsos","24100","Salo Keskus","1","Caruna Oy","Caruna Oy","exact_feed_name_to_snapshot_name","29.71","5.26","no","Yleissiirto / general-transfer (comparison basis)","","2026-05-04","2026-05-06","matched","yes","https://caruna.fi/hinnasto","https://www.sttinfo.fi/files/67340313/72011769/375325/fi","https://www.kuntaliitto.fi/kunnat/salo","https://geo.stat.fi/geoserver/postialue/wfs?service=WFS&version=2.0.0&request=GetFeature&typeNames=postialue:pno_2026&outputFormat=application/json&count=5000&propertyName=posti_alue,nimi,kunta,pinta_ala","https://ev-shv-prod-app-wa-consumerapi1.azurewebsites.net/api/getdsocollection","Caruna Oy; Helen Sähköverkko Oy","City mapping: municipality_has_multiple_centre_postal_areas; municipality_postal_areas_map_to_multiple_dsos Tariff note: Official page links the 1.1.2026 Caruna Oy tariff. Matched."
"740","Savonlinna","kaupunki","resolved_with_caveat","municipality_has_multiple_centre_postal_areas; municipality_postal_areas_map_to_multiple_dsos","57130","Savonlinna Keskus","1","Järvi-Suomen Energia Oy","Järvi-Suomen Energia Oy","exact_feed_name_to_snapshot_name","44.44","5.14","no","Yleissiirto / general-transfer (comparison basis)","","2026-05-04","2026-05-06","snapshot_later_tariff_differs","yes","https://www.jseoy.fi/wp-content/uploads/2025/09/verkkopalveluhinnasto-1.7.2025-alkaen-saavutettava-1.1.pdf","https://www.sttinfo.fi/files/67340313/72011769/375325/fi","https://www.kuntaliitto.fi/kunnat/savonlinna","https://geo.stat.fi/geoserver/postialue/wfs?service=WFS&version=2.0.0&request=GetFeature&typeNames=postialue:pno_2026&outputFormat=application/json&count=5000&propertyName=posti_alue,nimi,kunta,pinta_ala","https://ev-shv-prod-app-wa-consumerapi1.azurewebsites.net/api/getdsocollection","Järvi-Suomen Energia Oy; PKS Sähkösiirto Oy; Parikkalan Valo Oy","City mapping: municipality_has_multiple_centre_postal_areas; municipality_postal_areas_map_to_multiple_dsos Tariff note: Historical official 1.7.2025 tariff matches the snapshot. Official current tariff effective 1.7.2026 shows a later fixed fee of 47.55 €/month. Snapshot matched; later tariff differs."
"743","Seinäjoki","kaupunki","unresolved","representative_postal_code_multiple_dso_matches; municipality_has_multiple_centre_postal_areas; municipality_postal_areas_map_to_multiple_dsos","60100","Seinäjoki Keskus","3","Caruna Oy","Caruna Oy","exact_feed_name_to_snapshot_name","29.71","5.26","no","Yleissiirto / general-transfer (comparison basis)","","2026-05-04","2026-05-06","matched","yes","https://caruna.fi/hinnasto","https://www.sttinfo.fi/files/67340313/72011769/375325/fi","https://www.kuntaliitto.fi/kunnat/seinajoki","https://geo.stat.fi/geoserver/postialue/wfs?service=WFS&version=2.0.0&request=GetFeature&typeNames=postialue:pno_2026&outputFormat=application/json&count=5000&propertyName=posti_alue,nimi,kunta,pinta_ala","https://ev-shv-prod-app-wa-consumerapi1.azurewebsites.net/api/getdsocollection","Alajärven Sähkö Oy; Caruna Oy; Elenia Oy; Koillis-Satakunnan Sähkö Oy; Lehtimäen Sähkö Oy; Seiverkot Oy","City mapping: representative_postal_code_multiple_dso_matches; municipality_has_multiple_centre_postal_areas; municipality_postal_areas_map_to_multiple_dsos Tariff note: Official page links the 1.1.2026 Caruna Oy tariff. Matched."
"743","Seinäjoki","kaupunki","unresolved","representative_postal_code_multiple_dso_matches; municipality_has_multiple_centre_postal_areas; municipality_postal_areas_map_to_multiple_dsos","60100","Seinäjoki Keskus","3","Elenia Oy","Elenia Verkko Oyj","curated_alias_to_snapshot_name","22.79","5.89","no","Yleissiirto / general-transfer (comparison basis)","","2026-05-04","2026-05-06","matched","yes","https://www.elenia.fi/files/3368404e95e6e87870c3efd831994c0a6bf8b693/elenia-pienasiakkaat-hinnasto-4-2026-www-a4-fi-v2.pdf","https://www.sttinfo.fi/files/67340313/72011769/375325/fi","https://www.kuntaliitto.fi/kunnat/seinajoki","https://geo.stat.fi/geoserver/postialue/wfs?service=WFS&version=2.0.0&request=GetFeature&typeNames=postialue:pno_2026&outputFormat=application/json&count=5000&propertyName=posti_alue,nimi,kunta,pinta_ala","https://ev-shv-prod-app-wa-consumerapi1.azurewebsites.net/api/getdsocollection","Alajärven Sähkö Oy; Caruna Oy; Elenia Oy; Koillis-Satakunnan Sähkö Oy; Lehtimäen Sähkö Oy; Seiverkot Oy","City mapping: representative_postal_code_multiple_dso_matches; municipality_has_multiple_centre_postal_areas; municipality_postal_areas_map_to_multiple_dsos Tariff note: 3x25 A grouped with smaller three-phase fuses; VAT 25.5%; electricity tax separate. Matched, 2026."
"743","Seinäjoki","kaupunki","unresolved","representative_postal_code_multiple_dso_matches; municipality_has_multiple_centre_postal_areas; municipality_postal_areas_map_to_multiple_dsos","60100","Seinäjoki Keskus","3","Seiverkot Oy","Seiverkot Oy","exact_feed_name_to_snapshot_name","6.75","3.25","no","Yleissiirto / general-transfer (comparison basis)","","2026-05-04","2026-05-06","older_but_matching","yes","https://www.seiverkot.fi/hinnastot-ja-ehdot/verkkopalveluhinnastot/","https://www.sttinfo.fi/files/67340313/72011769/375325/fi","https://www.kuntaliitto.fi/kunnat/seinajoki","https://geo.stat.fi/geoserver/postialue/wfs?service=WFS&version=2.0.0&request=GetFeature&typeNames=postialue:pno_2026&outputFormat=application/json&count=5000&propertyName=posti_alue,nimi,kunta,pinta_ala","https://ev-shv-prod-app-wa-consumerapi1.azurewebsites.net/api/getdsocollection","Alajärven Sähkö Oy; Caruna Oy; Elenia Oy; Koillis-Satakunnan Sähkö Oy; Lehtimäen Sähkö Oy; Seiverkot Oy","City mapping: representative_postal_code_multiple_dso_matches; municipality_has_multiple_centre_postal_areas; municipality_postal_areas_map_to_multiple_dsos Tariff note: Official tariff effective 1.9.2024 remains published and matches; page states VAT included and taxes separate. Older but matching."
"761","Somero","kaupunki","unresolved","representative_postal_code_multiple_dso_matches; municipality_postal_areas_map_to_multiple_dsos","31400","Somero Keskus","2","Caruna Oy","Caruna Oy","exact_feed_name_to_snapshot_name","29.71","5.26","no","Yleissiirto / general-transfer (comparison basis)","","2026-05-04","2026-05-06","matched","yes","https://caruna.fi/hinnasto","https://www.sttinfo.fi/files/67340313/72011769/375325/fi","https://www.kuntaliitto.fi/kunta/somero","https://geo.stat.fi/geoserver/postialue/wfs?service=WFS&version=2.0.0&request=GetFeature&typeNames=postialue:pno_2026&outputFormat=application/json&count=5000&propertyName=posti_alue,nimi,kunta,pinta_ala","https://ev-shv-prod-app-wa-consumerapi1.azurewebsites.net/api/getdsocollection","Caruna Oy; Elenia Oy; Sallila Sähkönsiirto Oy","City mapping: representative_postal_code_multiple_dso_matches; municipality_postal_areas_map_to_multiple_dsos Tariff note: Official page links the 1.1.2026 Caruna Oy tariff. Matched."
"761","Somero","kaupunki","unresolved","representative_postal_code_multiple_dso_matches; municipality_postal_areas_map_to_multiple_dsos","31400","Somero Keskus","2","Elenia Oy","Elenia Verkko Oyj","curated_alias_to_snapshot_name","22.79","5.89","no","Yleissiirto / general-transfer (comparison basis)","","2026-05-04","2026-05-06","matched","yes","https://www.elenia.fi/files/3368404e95e6e87870c3efd831994c0a6bf8b693/elenia-pienasiakkaat-hinnasto-4-2026-www-a4-fi-v2.pdf","https://www.sttinfo.fi/files/67340313/72011769/375325/fi","https://www.kuntaliitto.fi/kunta/somero","https://geo.stat.fi/geoserver/postialue/wfs?service=WFS&version=2.0.0&request=GetFeature&typeNames=postialue:pno_2026&outputFormat=application/json&count=5000&propertyName=posti_alue,nimi,kunta,pinta_ala","https://ev-shv-prod-app-wa-consumerapi1.azurewebsites.net/api/getdsocollection","Caruna Oy; Elenia Oy; Sallila Sähkönsiirto Oy","City mapping: representative_postal_code_multiple_dso_matches; municipality_postal_areas_map_to_multiple_dsos Tariff note: 3x25 A grouped with smaller three-phase fuses; VAT 25.5%; electricity tax separate. Matched, 2026."
"778","Suonenjoki","kaupunki","resolved_representative_only","","77600","Suonenjoki Keskus","1","Savon Voima Verkko Oy","Savon Voima Verkko Oy","exact_feed_name_to_snapshot_name","36.80","5.20","no","Yleissiirto / general-transfer (comparison basis)","","2026-05-04","2026-05-06","matched","yes","https://savonvoima.fi/hinnastot-ja-sopimusehdot/verkkopalveluhinnasto/","https://www.sttinfo.fi/files/67340313/72011769/375325/fi","https://www.kuntaliitto.fi/kunnat/suonenjoki","https://geo.stat.fi/geoserver/postialue/wfs?service=WFS&version=2.0.0&request=GetFeature&typeNames=postialue:pno_2026&outputFormat=application/json&count=5000&propertyName=posti_alue,nimi,kunta,pinta_ala","https://ev-shv-prod-app-wa-consumerapi1.azurewebsites.net/api/getdsocollection","Savon Voima Verkko Oy","Tariff note: Official tariff effective 1.6.2026 shows matching 3x25 A general values and tax separately. Matched."
"790","Sastamala","kaupunki","unresolved","representative_postal_code_multiple_dso_matches; municipality_has_multiple_centre_postal_areas; municipality_postal_areas_map_to_multiple_dsos; postal_code_is_proxy_not_exact_centre","38200","Vammala Keskus","3","Caruna Oy","Caruna Oy","exact_feed_name_to_snapshot_name","29.71","5.26","no","Yleissiirto / general-transfer (comparison basis)","","2026-05-04","2026-05-06","matched","yes","https://caruna.fi/hinnasto","https://www.sttinfo.fi/files/67340313/72011769/375325/fi","https://www.kuntaliitto.fi/kunnat/sastamala","https://geo.stat.fi/geoserver/postialue/wfs?service=WFS&version=2.0.0&request=GetFeature&typeNames=postialue:pno_2026&outputFormat=application/json&count=5000&propertyName=posti_alue,nimi,kunta,pinta_ala","https://ev-shv-prod-app-wa-consumerapi1.azurewebsites.net/api/getdsocollection","Caruna Oy; Elenia Oy; Kokemäen Sähkö Oy; Kuoreveden Sähkö Oy; Leppäkoski Group Oy; Sallila Sähkönsiirto Oy; Vatajankoski Oy","City mapping: representative_postal_code_multiple_dso_matches; municipality_has_multiple_centre_postal_areas; municipality_postal_areas_map_to_multiple_dsos; postal_code_is_proxy_not_exact_centre Tariff note: Official page links the 1.1.2026 Caruna Oy tariff. Matched."
"790","Sastamala","kaupunki","unresolved","representative_postal_code_multiple_dso_matches; municipality_has_multiple_centre_postal_areas; municipality_postal_areas_map_to_multiple_dsos; postal_code_is_proxy_not_exact_centre","38200","Vammala Keskus","3","Kuoreveden Sähkö Oy","Kuoreveden Sähkö Oy","exact_feed_name_to_snapshot_name","39.96","3.74","no","Yleissiirto / general-transfer (comparison basis)","","2026-05-04","2026-05-06","older_but_matching","yes","https://www.kuorevedensahko.fi/wp-content/uploads/2024/09/20240901-verkkopalveluhinnasto.pdf","https://www.sttinfo.fi/files/67340313/72011769/375325/fi","https://www.kuntaliitto.fi/kunnat/sastamala","https://geo.stat.fi/geoserver/postialue/wfs?service=WFS&version=2.0.0&request=GetFeature&typeNames=postialue:pno_2026&outputFormat=application/json&count=5000&propertyName=posti_alue,nimi,kunta,pinta_ala","https://ev-shv-prod-app-wa-consumerapi1.azurewebsites.net/api/getdsocollection","Caruna Oy; Elenia Oy; Kokemäen Sähkö Oy; Kuoreveden Sähkö Oy; Leppäkoski Group Oy; Sallila Sähkönsiirto Oy; Vatajankoski Oy","City mapping: representative_postal_code_multiple_dso_matches; municipality_has_multiple_centre_postal_areas; municipality_postal_areas_map_to_multiple_dsos; postal_code_is_proxy_not_exact_centre Tariff note: Official 1.9.2024 tariff matches; electricity tax listed separately. Older but matching."
"790","Sastamala","kaupunki","unresolved","representative_postal_code_multiple_dso_matches; municipality_has_multiple_centre_postal_areas; municipality_postal_areas_map_to_multiple_dsos; postal_code_is_proxy_not_exact_centre","38200","Vammala Keskus","3","Sallila Sähkönsiirto Oy","Sallila Sähkönsiirto Oy","exact_feed_name_to_snapshot_name","22.30","4.48","no","Yleissiirto / general-transfer (comparison basis)","","2026-05-04","2026-05-06","matched","yes","https://sallila.fi/sahkoverkko/tuotteet-ja-hinnasto/verkkopalveluhinnat/","https://www.sttinfo.fi/files/67340313/72011769/375325/fi","https://www.kuntaliitto.fi/kunnat/sastamala","https://geo.stat.fi/geoserver/postialue/wfs?service=WFS&version=2.0.0&request=GetFeature&typeNames=postialue:pno_2026&outputFormat=application/json&count=5000&propertyName=posti_alue,nimi,kunta,pinta_ala","https://ev-shv-prod-app-wa-consumerapi1.azurewebsites.net/api/getdsocollection","Caruna Oy; Elenia Oy; Kokemäen Sähkö Oy; Kuoreveden Sähkö Oy; Leppäkoski Group Oy; Sallila Sähkönsiirto Oy; Vatajankoski Oy","City mapping: representative_postal_code_multiple_dso_matches; municipality_has_multiple_centre_postal_areas; municipality_postal_areas_map_to_multiple_dsos; postal_code_is_proxy_not_exact_centre Tariff note: Official page shows matching current general 3x25 A values and VAT 25.5%; March 2026 increase explains the comparison change. Matched."
"837","Tampere","kaupunki","unresolved","representative_postal_code_multiple_dso_matches; municipality_has_multiple_centre_postal_areas; municipality_postal_areas_map_to_multiple_dsos","33100","Tampere Keskus","2","Helen Sähköverkko Oy","Helen Sähköverkko Oy","exact_feed_name_to_snapshot_name","6.01","4.44","no","Yleissiirto / general-transfer (comparison basis)","","2026-05-04","2026-05-06","snapshot_value","yes","https://www.helensahkoverkko.fi/asiakastuki/asiakaspalvelu/hinnastot-ja-ehdot","https://www.sttinfo.fi/files/67340313/72011769/375325/fi","https://www.kuntaliitto.fi/kunnat/tampere","https://geo.stat.fi/geoserver/postialue/wfs?service=WFS&version=2.0.0&request=GetFeature&typeNames=postialue:pno_2026&outputFormat=application/json&count=5000&propertyName=posti_alue,nimi,kunta,pinta_ala","https://ev-shv-prod-app-wa-consumerapi1.azurewebsites.net/api/getdsocollection","Elenia Oy; Helen Sähköverkko Oy; Kuoreveden Sähkö Oy; Leppäkoski Group Oy; Tampereen Energia Sähköverkko Oy; Vantaan Energia Sähköverkot Oy","City mapping: representative_postal_code_multiple_dso_matches; municipality_has_multiple_centre_postal_areas; municipality_postal_areas_map_to_multiple_dsos Tariff note: Exact values found in the official tariff PDF effective 1.10.2025; current page has a 2026 tariff link. Older exact match; 2026 PDF link not separately extracted."
"837","Tampere","kaupunki","unresolved","representative_postal_code_multiple_dso_matches; municipality_has_multiple_centre_postal_areas; municipality_postal_areas_map_to_multiple_dsos","33100","Tampere Keskus","2","Tampereen Energia Sähköverkko Oy","Tampereen Energia Sähköverkko Oy","exact_feed_name_to_snapshot_name","6.02","3.26","no","Yleissiirto / general-transfer (comparison basis)","","2026-05-04","2026-05-06","matched","yes","https://www.tampereensahkoverkko.fi/wp-content/uploads/sites/3/2026/03/taes_hinnasto_2026_hvm_01042026.pdf","https://www.sttinfo.fi/files/67340313/72011769/375325/fi","https://www.kuntaliitto.fi/kunnat/tampere","https://geo.stat.fi/geoserver/postialue/wfs?service=WFS&version=2.0.0&request=GetFeature&typeNames=postialue:pno_2026&outputFormat=application/json&count=5000&propertyName=posti_alue,nimi,kunta,pinta_ala","https://ev-shv-prod-app-wa-consumerapi1.azurewebsites.net/api/getdsocollection","Elenia Oy; Helen Sähköverkko Oy; Kuoreveden Sähkö Oy; Leppäkoski Group Oy; Tampereen Energia Sähköverkko Oy; Vantaan Energia Sähköverkot Oy","City mapping: representative_postal_code_multiple_dso_matches; municipality_has_multiple_centre_postal_areas; municipality_postal_areas_map_to_multiple_dsos Tariff note: Official 2026 tariff shows 3x25 A general values, VAT 25.5%; electricity tax separate. Matched."
"851","Tornio","kaupunki","unresolved","representative_postal_code_multiple_dso_matches; municipality_postal_areas_map_to_multiple_dsos","95400","Tornio Keskus","4","Keminmaan Energia Oy","Keminmaan Energia ja Vesi Oy","curated_alias_to_snapshot_name","12.70","3.10","no","Yleissiirto / general-transfer (comparison basis)","","2026-05-04","2026-05-06","older_but_matching","yes","https://kmev.fi/verkkopalveluhinnasto/","https://www.sttinfo.fi/files/67340313/72011769/375325/fi","https://www.kuntaliitto.fi/kunnat/tornio","https://geo.stat.fi/geoserver/postialue/wfs?service=WFS&version=2.0.0&request=GetFeature&typeNames=postialue:pno_2026&outputFormat=application/json&count=5000&propertyName=posti_alue,nimi,kunta,pinta_ala","https://ev-shv-prod-app-wa-consumerapi1.azurewebsites.net/api/getdsocollection","Keminmaan Energia Oy; Tenergia Oy; Tornion Energia Oy; Tornionlaakson Sähkö Oy","City mapping: representative_postal_code_multiple_dso_matches; municipality_postal_areas_map_to_multiple_dsos Tariff note: Official page shows matching `Yleissiirto 1`; tariff page is dated 1.1.2025 and tax information is updated for 1.4.2026. Older but matching."
"851","Tornio","kaupunki","unresolved","representative_postal_code_multiple_dso_matches; municipality_postal_areas_map_to_multiple_dsos","95400","Tornio Keskus","4","Tenergia Oy","Tenergia Oy","exact_feed_name_to_snapshot_name","","","no","Yleissiirto / general-transfer (comparison basis)","","2026-05-04","2026-05-06","not_in_snapshot","no","","https://www.sttinfo.fi/files/67340313/72011769/375325/fi","https://www.kuntaliitto.fi/kunnat/tornio","https://geo.stat.fi/geoserver/postialue/wfs?service=WFS&version=2.0.0&request=GetFeature&typeNames=postialue:pno_2026&outputFormat=application/json&count=5000&propertyName=posti_alue,nimi,kunta,pinta_ala","https://ev-shv-prod-app-wa-consumerapi1.azurewebsites.net/api/getdsocollection","Keminmaan Energia Oy; Tenergia Oy; Tornion Energia Oy; Tornionlaakson Sähkö Oy","City mapping: representative_postal_code_multiple_dso_matches; municipality_postal_areas_map_to_multiple_dsos No matching operator row in the 77-row comparison snapshot."
"851","Tornio","kaupunki","unresolved","representative_postal_code_multiple_dso_matches; municipality_postal_areas_map_to_multiple_dsos","95400","Tornio Keskus","4","Tornion Energia Oy","Tornion Energia Oy","exact_feed_name_to_snapshot_name","8.57","3.83","no","Yleissiirto / general-transfer (comparison basis)","","2026-05-04","2026-05-06","energy_definition_mismatch","yes","https://www.tornionenergia.fi/wp-content/uploads/2025/11/Hinnasto_sahkoverkko-01-01-2026.pdf","https://www.sttinfo.fi/files/67340313/72011769/375325/fi","https://www.kuntaliitto.fi/kunnat/tornio","https://geo.stat.fi/geoserver/postialue/wfs?service=WFS&version=2.0.0&request=GetFeature&typeNames=postialue:pno_2026&outputFormat=application/json&count=5000&propertyName=posti_alue,nimi,kunta,pinta_ala","https://ev-shv-prod-app-wa-consumerapi1.azurewebsites.net/api/getdsocollection","Keminmaan Energia Oy; Tenergia Oy; Tornion Energia Oy; Tornionlaakson Sähkö Oy","City mapping: representative_postal_code_multiple_dso_matches; municipality_postal_areas_map_to_multiple_dsos Tariff note: Fixed fee matches after annual-to-monthly normalization. The official 1.1.2026 general tariff shows 3.05 c/kWh network charge plus tax, with 6.66 c/kWh total; it does not independently match the source's 3.83 c/kWh. Energy-definition/value mismatch; source value retained."
"851","Tornio","kaupunki","unresolved","representative_postal_code_multiple_dso_matches; municipality_postal_areas_map_to_multiple_dsos","95400","Tornio Keskus","4","Tornionlaakson Sähkö Oy","TLS Verkko Oy","curated_alias_to_snapshot_name","22.41","3.19","no","Yleissiirto / general-transfer (comparison basis)","","2026-05-04","2026-05-06","unverified","yes","https://www.tornionlaaksonsahkoverkko.fi/palvelut/hinnastot/siirtohinnat/","https://www.sttinfo.fi/files/67340313/72011769/375325/fi","https://www.kuntaliitto.fi/kunnat/tornio","https://geo.stat.fi/geoserver/postialue/wfs?service=WFS&version=2.0.0&request=GetFeature&typeNames=postialue:pno_2026&outputFormat=application/json&count=5000&propertyName=posti_alue,nimi,kunta,pinta_ala","https://ev-shv-prod-app-wa-consumerapi1.azurewebsites.net/api/getdsocollection","Keminmaan Energia Oy; Tenergia Oy; Tornion Energia Oy; Tornionlaakson Sähkö Oy","City mapping: representative_postal_code_multiple_dso_matches; municipality_postal_areas_map_to_multiple_dsos Tariff note: Official 1.7.2026 tariff page located, but exact 3x25 A general row was not extracted in this checkpoint. Unverified official match."
"853","Turku","kaupunki","unresolved","representative_postal_code_multiple_dso_matches; municipality_postal_areas_map_to_multiple_dsos","20100","Turku Keskus","2","Caruna Oy","Caruna Oy","exact_feed_name_to_snapshot_name","29.71","5.26","no","Yleissiirto / general-transfer (comparison basis)","","2026-05-04","2026-05-06","matched","yes","https://caruna.fi/hinnasto","https://www.sttinfo.fi/files/67340313/72011769/375325/fi","https://www.kuntaliitto.fi/kunnat/turku","https://geo.stat.fi/geoserver/postialue/wfs?service=WFS&version=2.0.0&request=GetFeature&typeNames=postialue:pno_2026&outputFormat=application/json&count=5000&propertyName=posti_alue,nimi,kunta,pinta_ala","https://ev-shv-prod-app-wa-consumerapi1.azurewebsites.net/api/getdsocollection","Caruna Oy; Köyliön-Säkylän Sähkö Oy; Turku Energia Sähköverkot Oy","City mapping: representative_postal_code_multiple_dso_matches; municipality_postal_areas_map_to_multiple_dsos Tariff note: Official page links the 1.1.2026 Caruna Oy tariff. Matched."
"853","Turku","kaupunki","unresolved","representative_postal_code_multiple_dso_matches; municipality_postal_areas_map_to_multiple_dsos","20100","Turku Keskus","2","Turku Energia Sähköverkot Oy","Turku Energia Sähköverkot Oy","exact_feed_name_to_snapshot_name","7.63","1.91","no","Yleissiirto / general-transfer (comparison basis)","","2026-05-04","2026-05-06","official_source_not_found","yes","","https://www.sttinfo.fi/files/67340313/72011769/375325/fi","https://www.kuntaliitto.fi/kunnat/turku","https://geo.stat.fi/geoserver/postialue/wfs?service=WFS&version=2.0.0&request=GetFeature&typeNames=postialue:pno_2026&outputFormat=application/json&count=5000&propertyName=posti_alue,nimi,kunta,pinta_ala","https://ev-shv-prod-app-wa-consumerapi1.azurewebsites.net/api/getdsocollection","Caruna Oy; Köyliön-Säkylän Sähkö Oy; Turku Energia Sähköverkot Oy","City mapping: representative_postal_code_multiple_dso_matches; municipality_postal_areas_map_to_multiple_dsos Tariff note: No official tariff PDF/page was confirmed in this pass. Official tariff not found."
"886","Ulvila","kaupunki","unresolved","representative_postal_code_multiple_dso_matches; municipality_has_multiple_centre_postal_areas; municipality_postal_areas_map_to_multiple_dsos","28400","Ulvila Keskus","2","Caruna Oy","Caruna Oy","exact_feed_name_to_snapshot_name","29.71","5.26","no","Yleissiirto / general-transfer (comparison basis)","","2026-05-04","2026-05-06","matched","yes","https://caruna.fi/hinnasto","https://www.sttinfo.fi/files/67340313/72011769/375325/fi","https://www.kuntaliitto.fi/kunnat/ulvila","https://geo.stat.fi/geoserver/postialue/wfs?service=WFS&version=2.0.0&request=GetFeature&typeNames=postialue:pno_2026&outputFormat=application/json&count=5000&propertyName=posti_alue,nimi,kunta,pinta_ala","https://ev-shv-prod-app-wa-consumerapi1.azurewebsites.net/api/getdsocollection","Caruna Oy; Kokemäen Sähkö Oy; Lammaisten Energia Oy; Pori Energia Sähköverkot Oy; Vatajankoski Oy","City mapping: representative_postal_code_multiple_dso_matches; municipality_has_multiple_centre_postal_areas; municipality_postal_areas_map_to_multiple_dsos Tariff note: Official page links the 1.1.2026 Caruna Oy tariff. Matched."
"886","Ulvila","kaupunki","unresolved","representative_postal_code_multiple_dso_matches; municipality_has_multiple_centre_postal_areas; municipality_postal_areas_map_to_multiple_dsos","28400","Ulvila Keskus","2","Lammaisten Energia Oy","Lammaisten Energia Oy","exact_feed_name_to_snapshot_name","17.26","4.83","no","Yleissiirto / general-transfer (comparison basis)","","2026-05-04","2026-05-06","older_but_matching","yes","https://lammaistenenergia.fi/shared/files/Verkkopalveluhinnasto%201.9.2024.pdf","https://www.sttinfo.fi/files/67340313/72011769/375325/fi","https://www.kuntaliitto.fi/kunnat/ulvila","https://geo.stat.fi/geoserver/postialue/wfs?service=WFS&version=2.0.0&request=GetFeature&typeNames=postialue:pno_2026&outputFormat=application/json&count=5000&propertyName=posti_alue,nimi,kunta,pinta_ala","https://ev-shv-prod-app-wa-consumerapi1.azurewebsites.net/api/getdsocollection","Caruna Oy; Kokemäen Sähkö Oy; Lammaisten Energia Oy; Pori Energia Sähköverkot Oy; Vatajankoski Oy","City mapping: representative_postal_code_multiple_dso_matches; municipality_has_multiple_centre_postal_areas; municipality_postal_areas_map_to_multiple_dsos Tariff note: Official 1.9.2024 tariff matches; no newer 2026-labelled tariff located. Older but matching."
"893","Uusikaarlepyy","kaupunki","unresolved","representative_postal_code_multiple_dso_matches; municipality_postal_areas_map_to_multiple_dsos","66900","Uusikaarlepyy Keskus","3","Esse Elektro-Kraft Ab","Esse Elektro-Kraft Ab","exact_feed_name_to_snapshot_name","9.74","5.69","no","Yleissiirto / general-transfer (comparison basis)","","2026-05-04","2026-05-06","unverified","yes","https://eekab.fi/fi/hintatiedot/","https://www.sttinfo.fi/files/67340313/72011769/375325/fi","https://www.kuntaliitto.fi/kunnat/uusikaarlepyy","https://geo.stat.fi/geoserver/postialue/wfs?service=WFS&version=2.0.0&request=GetFeature&typeNames=postialue:pno_2026&outputFormat=application/json&count=5000&propertyName=posti_alue,nimi,kunta,pinta_ala","https://ev-shv-prod-app-wa-consumerapi1.azurewebsites.net/api/getdsocollection","Esse Elektro-Kraft Ab; Herrfors Nät-Verkko Oy Ab; Nykarleby Kraftverk Ab","City mapping: representative_postal_code_multiple_dso_matches; municipality_postal_areas_map_to_multiple_dsos Tariff note: Official tariff located, but the tariff PDF found was dated 1.9.2024 and did not independently confirm the 2026 value. Unverified 2026 match."
"893","Uusikaarlepyy","kaupunki","unresolved","representative_postal_code_multiple_dso_matches; municipality_postal_areas_map_to_multiple_dsos","66900","Uusikaarlepyy Keskus","3","Herrfors Nät-Verkko Oy Ab","Herrfors Nät-Verkko Oy Ab","exact_feed_name_to_snapshot_name","13.57","3.93","no","Yleissiirto / general-transfer (comparison basis)","","2026-05-04","2026-05-06","older_but_matching","yes","https://www.herrforsnat.fi/fi/kotitaloudet/hinnastot/verkkopalveluhinnasto/","https://www.sttinfo.fi/files/67340313/72011769/375325/fi","https://www.kuntaliitto.fi/kunnat/uusikaarlepyy","https://geo.stat.fi/geoserver/postialue/wfs?service=WFS&version=2.0.0&request=GetFeature&typeNames=postialue:pno_2026&outputFormat=application/json&count=5000&propertyName=posti_alue,nimi,kunta,pinta_ala","https://ev-shv-prod-app-wa-consumerapi1.azurewebsites.net/api/getdsocollection","Esse Elektro-Kraft Ab; Herrfors Nät-Verkko Oy Ab; Nykarleby Kraftverk Ab","City mapping: representative_postal_code_multiple_dso_matches; municipality_postal_areas_map_to_multiple_dsos Tariff note: Official 1.1.2025 tariff matches; prices exclude electricity tax and include VAT. Older but matching."
"893","Uusikaarlepyy","kaupunki","unresolved","representative_postal_code_multiple_dso_matches; municipality_postal_areas_map_to_multiple_dsos","66900","Uusikaarlepyy Keskus","3","Nykarleby Kraftverk Ab","Nykarleby Kraftverk Ab","exact_feed_name_to_snapshot_name","17.00","4.70","no","Yleissiirto / general-transfer (comparison basis)","","2026-05-04","2026-05-06","snapshot_later_tariff_differs","yes","https://nkab.fi/wp-content/uploads/2026/05/nkab-nattjanstavgifter-01052025v4.pdf","https://www.sttinfo.fi/files/67340313/72011769/375325/fi","https://www.kuntaliitto.fi/kunnat/uusikaarlepyy","https://geo.stat.fi/geoserver/postialue/wfs?service=WFS&version=2.0.0&request=GetFeature&typeNames=postialue:pno_2026&outputFormat=application/json&count=5000&propertyName=posti_alue,nimi,kunta,pinta_ala","https://ev-shv-prod-app-wa-consumerapi1.azurewebsites.net/api/getdsocollection","Esse Elektro-Kraft Ab; Herrfors Nät-Verkko Oy Ab; Nykarleby Kraftverk Ab","City mapping: representative_postal_code_multiple_dso_matches; municipality_postal_areas_map_to_multiple_dsos Tariff note: Official 1.5.2025 tariff matches. Official current 1.7.2026 tariff is 18.02 €/month and 4.98 c/kWh. Snapshot matched; later tariff differs."
"895","Uusikaupunki","kaupunki","unresolved","representative_postal_code_multiple_dso_matches; municipality_has_multiple_centre_postal_areas; municipality_postal_areas_map_to_multiple_dsos","23500","Uusikaupunki Keskus","2","Caruna Oy","Caruna Oy","exact_feed_name_to_snapshot_name","29.71","5.26","no","Yleissiirto / general-transfer (comparison basis)","","2026-05-04","2026-05-06","matched","yes","https://caruna.fi/hinnasto","https://www.sttinfo.fi/files/67340313/72011769/375325/fi","https://www.kuntaliitto.fi/kunnat/uusikaupunki","https://geo.stat.fi/geoserver/postialue/wfs?service=WFS&version=2.0.0&request=GetFeature&typeNames=postialue:pno_2026&outputFormat=application/json&count=5000&propertyName=posti_alue,nimi,kunta,pinta_ala","https://ev-shv-prod-app-wa-consumerapi1.azurewebsites.net/api/getdsocollection","Caruna Oy; Vakka-Suomen Voima Oy","City mapping: representative_postal_code_multiple_dso_matches; municipality_has_multiple_centre_postal_areas; municipality_postal_areas_map_to_multiple_dsos Tariff note: Official page links the 1.1.2026 Caruna Oy tariff. Matched."
"895","Uusikaupunki","kaupunki","unresolved","representative_postal_code_multiple_dso_matches; municipality_has_multiple_centre_postal_areas; municipality_postal_areas_map_to_multiple_dsos","23500","Uusikaupunki Keskus","2","Vakka-Suomen Voima Oy","VSV Sähköverkko Oy","curated_alias_to_snapshot_name","17.80","4.30","no","Yleissiirto / general-transfer (comparison basis)","","2026-05-04","2026-05-06","matched","yes","https://vsv.fi/files/sites/8763/verkkopalveluhinnasto-01042026_alv-25-5-cd1c90fb-786f-4014-b021-3a76c2f4807c.pdf","https://www.sttinfo.fi/files/67340313/72011769/375325/fi","https://www.kuntaliitto.fi/kunnat/uusikaupunki","https://geo.stat.fi/geoserver/postialue/wfs?service=WFS&version=2.0.0&request=GetFeature&typeNames=postialue:pno_2026&outputFormat=application/json&count=5000&propertyName=posti_alue,nimi,kunta,pinta_ala","https://ev-shv-prod-app-wa-consumerapi1.azurewebsites.net/api/getdsocollection","Caruna Oy; Vakka-Suomen Voima Oy","City mapping: representative_postal_code_multiple_dso_matches; municipality_has_multiple_centre_postal_areas; municipality_postal_areas_map_to_multiple_dsos Tariff note: Official 1.4.2026 `Yleissiirto`, 3x25 A, VAT 25.5%. Matched."
"905","Vaasa","kaupunki","unresolved","representative_postal_code_multiple_dso_matches; municipality_has_multiple_centre_postal_areas; municipality_postal_areas_map_to_multiple_dsos","65100","Vaasa Keskus","2","Herrfors Nät-Verkko Oy Ab","Herrfors Nät-Verkko Oy Ab","exact_feed_name_to_snapshot_name","13.57","3.93","no","Yleissiirto / general-transfer (comparison basis)","","2026-05-04","2026-05-06","older_but_matching","yes","https://www.herrforsnat.fi/fi/kotitaloudet/hinnastot/verkkopalveluhinnasto/","https://www.sttinfo.fi/files/67340313/72011769/375325/fi","https://www.kuntaliitto.fi/kunnat/vaasa","https://geo.stat.fi/geoserver/postialue/wfs?service=WFS&version=2.0.0&request=GetFeature&typeNames=postialue:pno_2026&outputFormat=application/json&count=5000&propertyName=posti_alue,nimi,kunta,pinta_ala","https://ev-shv-prod-app-wa-consumerapi1.azurewebsites.net/api/getdsocollection","Herrfors Nät-Verkko Oy Ab; Vaasan Sähköverkko Oy","City mapping: representative_postal_code_multiple_dso_matches; municipality_has_multiple_centre_postal_areas; municipality_postal_areas_map_to_multiple_dsos Tariff note: Official 1.1.2025 tariff matches; prices exclude electricity tax and include VAT. Older but matching."
"905","Vaasa","kaupunki","unresolved","representative_postal_code_multiple_dso_matches; municipality_has_multiple_centre_postal_areas; municipality_postal_areas_map_to_multiple_dsos","65100","Vaasa Keskus","2","Vaasan Sähköverkko Oy","Vaasan Sähköverkko Oy","exact_feed_name_to_snapshot_name","11.51","4.83","no","Yleissiirto / general-transfer (comparison basis)","","2026-05-04","2026-05-06","unverified","yes","https://www.vaasansahkoverkko.fi/sahkoverkko/hinnastot-ja-sopimusehdot/","https://www.sttinfo.fi/files/67340313/72011769/375325/fi","https://www.kuntaliitto.fi/kunnat/vaasa","https://geo.stat.fi/geoserver/postialue/wfs?service=WFS&version=2.0.0&request=GetFeature&typeNames=postialue:pno_2026&outputFormat=application/json&count=5000&propertyName=posti_alue,nimi,kunta,pinta_ala","https://ev-shv-prod-app-wa-consumerapi1.azurewebsites.net/api/getdsocollection","Herrfors Nät-Verkko Oy Ab; Vaasan Sähköverkko Oy","City mapping: representative_postal_code_multiple_dso_matches; municipality_has_multiple_centre_postal_areas; municipality_postal_areas_map_to_multiple_dsos Tariff note: Official operator page located, but the exact 2026 3x25 A row was not extracted in this checkpoint. Unverified official match."
"908","Valkeakoski","kaupunki","unresolved","representative_postal_code_multiple_dso_matches; municipality_postal_areas_map_to_multiple_dsos","37600","Valkeakoski Keskus","2","Elenia Oy","Elenia Verkko Oyj","curated_alias_to_snapshot_name","22.79","5.89","no","Yleissiirto / general-transfer (comparison basis)","","2026-05-04","2026-05-06","matched","yes","https://www.elenia.fi/files/3368404e95e6e87870c3efd831994c0a6bf8b693/elenia-pienasiakkaat-hinnasto-4-2026-www-a4-fi-v2.pdf","https://www.sttinfo.fi/files/67340313/72011769/375325/fi","https://www.kuntaliitto.fi/kunnat/valkeakoski","https://geo.stat.fi/geoserver/postialue/wfs?service=WFS&version=2.0.0&request=GetFeature&typeNames=postialue:pno_2026&outputFormat=application/json&count=5000&propertyName=posti_alue,nimi,kunta,pinta_ala","https://ev-shv-prod-app-wa-consumerapi1.azurewebsites.net/api/getdsocollection","Elenia Oy; Koillis-Satakunnan Sähkö Oy; Valkeakosken Energia Oy","City mapping: representative_postal_code_multiple_dso_matches; municipality_postal_areas_map_to_multiple_dsos Tariff note: 3x25 A grouped with smaller three-phase fuses; VAT 25.5%; electricity tax separate. Matched, 2026."
"908","Valkeakoski","kaupunki","unresolved","representative_postal_code_multiple_dso_matches; municipality_postal_areas_map_to_multiple_dsos","37600","Valkeakoski Keskus","2","Valkeakosken Energia Oy","Valkeakosken Energia Oy","exact_feed_name_to_snapshot_name","11.95","4.11","no","Yleissiirto / general-transfer (comparison basis)","","2026-05-04","2026-05-06","official_source_not_found","yes","","https://www.sttinfo.fi/files/67340313/72011769/375325/fi","https://www.kuntaliitto.fi/kunnat/valkeakoski","https://geo.stat.fi/geoserver/postialue/wfs?service=WFS&version=2.0.0&request=GetFeature&typeNames=postialue:pno_2026&outputFormat=application/json&count=5000&propertyName=posti_alue,nimi,kunta,pinta_ala","https://ev-shv-prod-app-wa-consumerapi1.azurewebsites.net/api/getdsocollection","Elenia Oy; Koillis-Satakunnan Sähkö Oy; Valkeakosken Energia Oy","City mapping: representative_postal_code_multiple_dso_matches; municipality_postal_areas_map_to_multiple_dsos Tariff note: No official tariff PDF/page was confirmed in this pass. Official tariff not found."
"915","Varkaus","kaupunki","resolved_with_caveat","municipality_has_multiple_centre_postal_areas; municipality_postal_areas_map_to_multiple_dsos","78200","Varkaus Keskus","1","Savon Voima Verkko Oy","Savon Voima Verkko Oy","exact_feed_name_to_snapshot_name","36.80","5.20","no","Yleissiirto / general-transfer (comparison basis)","","2026-05-04","2026-05-06","matched","yes","https://savonvoima.fi/hinnastot-ja-sopimusehdot/verkkopalveluhinnasto/","https://www.sttinfo.fi/files/67340313/72011769/375325/fi","https://www.kuntaliitto.fi/kunnat/varkaus","https://geo.stat.fi/geoserver/postialue/wfs?service=WFS&version=2.0.0&request=GetFeature&typeNames=postialue:pno_2026&outputFormat=application/json&count=5000&propertyName=posti_alue,nimi,kunta,pinta_ala","https://ev-shv-prod-app-wa-consumerapi1.azurewebsites.net/api/getdsocollection","PKS Sähkösiirto Oy; Savon Voima Verkko Oy","City mapping: municipality_has_multiple_centre_postal_areas; municipality_postal_areas_map_to_multiple_dsos Tariff note: Official tariff effective 1.6.2026 shows matching 3x25 A general values and tax separately. Matched."
"931","Viitasaari","kaupunki","unresolved","representative_postal_code_multiple_dso_matches; municipality_postal_areas_map_to_multiple_dsos","44500","Viitasaari Keskus","2","Elenia Oy","Elenia Verkko Oyj","curated_alias_to_snapshot_name","22.79","5.89","no","Yleissiirto / general-transfer (comparison basis)","","2026-05-04","2026-05-06","matched","yes","https://www.elenia.fi/files/3368404e95e6e87870c3efd831994c0a6bf8b693/elenia-pienasiakkaat-hinnasto-4-2026-www-a4-fi-v2.pdf","https://www.sttinfo.fi/files/67340313/72011769/375325/fi","https://www.kuntaliitto.fi/kunnat/viitasaari","https://geo.stat.fi/geoserver/postialue/wfs?service=WFS&version=2.0.0&request=GetFeature&typeNames=postialue:pno_2026&outputFormat=application/json&count=5000&propertyName=posti_alue,nimi,kunta,pinta_ala","https://ev-shv-prod-app-wa-consumerapi1.azurewebsites.net/api/getdsocollection","Elenia Oy; Savon Voima Verkko Oy","City mapping: representative_postal_code_multiple_dso_matches; municipality_postal_areas_map_to_multiple_dsos Tariff note: 3x25 A grouped with smaller three-phase fuses; VAT 25.5%; electricity tax separate. Matched, 2026."
"931","Viitasaari","kaupunki","unresolved","representative_postal_code_multiple_dso_matches; municipality_postal_areas_map_to_multiple_dsos","44500","Viitasaari Keskus","2","Savon Voima Verkko Oy","Savon Voima Verkko Oy","exact_feed_name_to_snapshot_name","36.80","5.20","no","Yleissiirto / general-transfer (comparison basis)","","2026-05-04","2026-05-06","matched","yes","https://savonvoima.fi/hinnastot-ja-sopimusehdot/verkkopalveluhinnasto/","https://www.sttinfo.fi/files/67340313/72011769/375325/fi","https://www.kuntaliitto.fi/kunnat/viitasaari","https://geo.stat.fi/geoserver/postialue/wfs?service=WFS&version=2.0.0&request=GetFeature&typeNames=postialue:pno_2026&outputFormat=application/json&count=5000&propertyName=posti_alue,nimi,kunta,pinta_ala","https://ev-shv-prod-app-wa-consumerapi1.azurewebsites.net/api/getdsocollection","Elenia Oy; Savon Voima Verkko Oy","City mapping: representative_postal_code_multiple_dso_matches; municipality_postal_areas_map_to_multiple_dsos Tariff note: Official tariff effective 1.6.2026 shows matching 3x25 A general values and tax separately. Matched."
"936","Virrat","kaupunki","unresolved","representative_postal_code_multiple_dso_matches; municipality_postal_areas_map_to_multiple_dsos","34800","Virrat Keskus","3","Elenia Oy","Elenia Verkko Oyj","curated_alias_to_snapshot_name","22.79","5.89","no","Yleissiirto / general-transfer (comparison basis)","","2026-05-04","2026-05-06","matched","yes","https://www.elenia.fi/files/3368404e95e6e87870c3efd831994c0a6bf8b693/elenia-pienasiakkaat-hinnasto-4-2026-www-a4-fi-v2.pdf","https://www.sttinfo.fi/files/67340313/72011769/375325/fi","https://www.kuntaliitto.fi/kunnat/virrat","https://geo.stat.fi/geoserver/postialue/wfs?service=WFS&version=2.0.0&request=GetFeature&typeNames=postialue:pno_2026&outputFormat=application/json&count=5000&propertyName=posti_alue,nimi,kunta,pinta_ala","https://ev-shv-prod-app-wa-consumerapi1.azurewebsites.net/api/getdsocollection","Caruna Oy; Elenia Oy; Koillis-Satakunnan Sähkö Oy; Leppäkoski Group Oy","City mapping: representative_postal_code_multiple_dso_matches; municipality_postal_areas_map_to_multiple_dsos Tariff note: 3x25 A grouped with smaller three-phase fuses; VAT 25.5%; electricity tax separate. Matched, 2026."
"936","Virrat","kaupunki","unresolved","representative_postal_code_multiple_dso_matches; municipality_postal_areas_map_to_multiple_dsos","34800","Virrat Keskus","3","Koillis-Satakunnan Sähkö Oy","Koillis-Satakunnan Sähkö Oy","exact_feed_name_to_snapshot_name","21.12","5.12","no","Yleissiirto / general-transfer (comparison basis)","","2026-05-04","2026-05-06","matched","yes","https://ksat.fi/wp-content/uploads/2025/11/Toimitushinnasto-verkkopalvelu-1.1.2026.pdf","https://www.sttinfo.fi/files/67340313/72011769/375325/fi","https://www.kuntaliitto.fi/kunnat/virrat","https://geo.stat.fi/geoserver/postialue/wfs?service=WFS&version=2.0.0&request=GetFeature&typeNames=postialue:pno_2026&outputFormat=application/json&count=5000&propertyName=posti_alue,nimi,kunta,pinta_ala","https://ev-shv-prod-app-wa-consumerapi1.azurewebsites.net/api/getdsocollection","Caruna Oy; Elenia Oy; Koillis-Satakunnan Sähkö Oy; Leppäkoski Group Oy","City mapping: representative_postal_code_multiple_dso_matches; municipality_postal_areas_map_to_multiple_dsos Tariff note: Official 1.1.2026 tariff, VAT 25.5%, matching 3x25/1x35 general product. Matched."
"936","Virrat","kaupunki","unresolved","representative_postal_code_multiple_dso_matches; municipality_postal_areas_map_to_multiple_dsos","34800","Virrat Keskus","3","Leppäkoski Group Oy","Leppäkosken Sähkö Oy","curated_alias_to_snapshot_name","21.56","4.86","no","Yleissiirto / general-transfer (comparison basis)","","2026-05-04","2026-05-06","matched","yes","https://leppakoski.fi/wp-content/uploads/2026/03/Verkkopalveluhinnasto-1.4.2026.pdf","https://www.sttinfo.fi/files/67340313/72011769/375325/fi","https://www.kuntaliitto.fi/kunnat/virrat","https://geo.stat.fi/geoserver/postialue/wfs?service=WFS&version=2.0.0&request=GetFeature&typeNames=postialue:pno_2026&outputFormat=application/json&count=5000&propertyName=posti_alue,nimi,kunta,pinta_ala","https://ev-shv-prod-app-wa-consumerapi1.azurewebsites.net/api/getdsocollection","Caruna Oy; Elenia Oy; Koillis-Satakunnan Sähkö Oy; Leppäkoski Group Oy","City mapping: representative_postal_code_multiple_dso_matches; municipality_postal_areas_map_to_multiple_dsos Tariff note: Official 1.4.2026 3x25 A general-transfer values; VAT 25.5%, electricity tax separate. Matched."
"977","Ylivieska","kaupunki","unresolved","representative_postal_code_multiple_dso_matches; municipality_postal_areas_map_to_multiple_dsos","84100","Ylivieska Keskus","3","Elenia Oy","Elenia Verkko Oyj","curated_alias_to_snapshot_name","22.79","5.89","no","Yleissiirto / general-transfer (comparison basis)","","2026-05-04","2026-05-06","matched","yes","https://www.elenia.fi/files/3368404e95e6e87870c3efd831994c0a6bf8b693/elenia-pienasiakkaat-hinnasto-4-2026-www-a4-fi-v2.pdf","https://www.sttinfo.fi/files/67340313/72011769/375325/fi","https://www.kuntaliitto.fi/kunnat/ylivieska","https://geo.stat.fi/geoserver/postialue/wfs?service=WFS&version=2.0.0&request=GetFeature&typeNames=postialue:pno_2026&outputFormat=application/json&count=5000&propertyName=posti_alue,nimi,kunta,pinta_ala","https://ev-shv-prod-app-wa-consumerapi1.azurewebsites.net/api/getdsocollection","Elenia Oy; Herrfors Nät-Verkko Oy Ab; Verkko Korpela Oy","City mapping: representative_postal_code_multiple_dso_matches; municipality_postal_areas_map_to_multiple_dsos Tariff note: 3x25 A grouped with smaller three-phase fuses; VAT 25.5%; electricity tax separate. Matched, 2026."
"977","Ylivieska","kaupunki","unresolved","representative_postal_code_multiple_dso_matches; municipality_postal_areas_map_to_multiple_dsos","84100","Ylivieska Keskus","3","Herrfors Nät-Verkko Oy Ab","Herrfors Nät-Verkko Oy Ab","exact_feed_name_to_snapshot_name","13.57","3.93","no","Yleissiirto / general-transfer (comparison basis)","","2026-05-04","2026-05-06","older_but_matching","yes","https://www.herrforsnat.fi/fi/kotitaloudet/hinnastot/verkkopalveluhinnasto/","https://www.sttinfo.fi/files/67340313/72011769/375325/fi","https://www.kuntaliitto.fi/kunnat/ylivieska","https://geo.stat.fi/geoserver/postialue/wfs?service=WFS&version=2.0.0&request=GetFeature&typeNames=postialue:pno_2026&outputFormat=application/json&count=5000&propertyName=posti_alue,nimi,kunta,pinta_ala","https://ev-shv-prod-app-wa-consumerapi1.azurewebsites.net/api/getdsocollection","Elenia Oy; Herrfors Nät-Verkko Oy Ab; Verkko Korpela Oy","City mapping: representative_postal_code_multiple_dso_matches; municipality_postal_areas_map_to_multiple_dsos Tariff note: Official 1.1.2025 tariff matches; prices exclude electricity tax and include VAT. Older but matching."
"977","Ylivieska","kaupunki","unresolved","representative_postal_code_multiple_dso_matches; municipality_postal_areas_map_to_multiple_dsos","84100","Ylivieska Keskus","3","Verkko Korpela Oy","Verkko Korpela Oy","exact_feed_name_to_snapshot_name","12.78","4.15","no","Yleissiirto / general-transfer (comparison basis)","","2026-05-04","2026-05-06","matched","yes","https://www.korpelanvoima.fi/verkkopalveluhinnasto/","https://www.sttinfo.fi/files/67340313/72011769/375325/fi","https://www.kuntaliitto.fi/kunnat/ylivieska","https://geo.stat.fi/geoserver/postialue/wfs?service=WFS&version=2.0.0&request=GetFeature&typeNames=postialue:pno_2026&outputFormat=application/json&count=5000&propertyName=posti_alue,nimi,kunta,pinta_ala","https://ev-shv-prod-app-wa-consumerapi1.azurewebsites.net/api/getdsocollection","Elenia Oy; Herrfors Nät-Verkko Oy Ab; Verkko Korpela Oy","City mapping: representative_postal_code_multiple_dso_matches; municipality_postal_areas_map_to_multiple_dsos Tariff note: Operator site now uses Korpelan Voima branding; the located 1.1.2026 PDF is the normalized operator's tariff and matches the comparison values. Matched, branding differs."
"980","Ylöjärvi","kaupunki","unresolved","representative_postal_code_multiple_dso_matches; municipality_has_multiple_centre_postal_areas; municipality_postal_areas_map_to_multiple_dsos","33470","Ylöjärvi Keskus","3","Elenia Oy","Elenia Verkko Oyj","curated_alias_to_snapshot_name","22.79","5.89","no","Yleissiirto / general-transfer (comparison basis)","","2026-05-04","2026-05-06","matched","yes","https://www.elenia.fi/files/3368404e95e6e87870c3efd831994c0a6bf8b693/elenia-pienasiakkaat-hinnasto-4-2026-www-a4-fi-v2.pdf","https://www.sttinfo.fi/files/67340313/72011769/375325/fi","https://www.kuntaliitto.fi/kunnat/ylojarvi","https://geo.stat.fi/geoserver/postialue/wfs?service=WFS&version=2.0.0&request=GetFeature&typeNames=postialue:pno_2026&outputFormat=application/json&count=5000&propertyName=posti_alue,nimi,kunta,pinta_ala","https://ev-shv-prod-app-wa-consumerapi1.azurewebsites.net/api/getdsocollection","Elenia Oy; Koillis-Satakunnan Sähkö Oy; Leppäkoski Group Oy; Tampereen Energia Sähköverkko Oy","City mapping: representative_postal_code_multiple_dso_matches; municipality_has_multiple_centre_postal_areas; municipality_postal_areas_map_to_multiple_dsos Tariff note: 3x25 A grouped with smaller three-phase fuses; VAT 25.5%; electricity tax separate. Matched, 2026."
"980","Ylöjärvi","kaupunki","unresolved","representative_postal_code_multiple_dso_matches; municipality_has_multiple_centre_postal_areas; municipality_postal_areas_map_to_multiple_dsos","33470","Ylöjärvi Keskus","3","Leppäkoski Group Oy","Leppäkosken Sähkö Oy","curated_alias_to_snapshot_name","21.56","4.86","no","Yleissiirto / general-transfer (comparison basis)","","2026-05-04","2026-05-06","matched","yes","https://leppakoski.fi/wp-content/uploads/2026/03/Verkkopalveluhinnasto-1.4.2026.pdf","https://www.sttinfo.fi/files/67340313/72011769/375325/fi","https://www.kuntaliitto.fi/kunnat/ylojarvi","https://geo.stat.fi/geoserver/postialue/wfs?service=WFS&version=2.0.0&request=GetFeature&typeNames=postialue:pno_2026&outputFormat=application/json&count=5000&propertyName=posti_alue,nimi,kunta,pinta_ala","https://ev-shv-prod-app-wa-consumerapi1.azurewebsites.net/api/getdsocollection","Elenia Oy; Koillis-Satakunnan Sähkö Oy; Leppäkoski Group Oy; Tampereen Energia Sähköverkko Oy","City mapping: representative_postal_code_multiple_dso_matches; municipality_has_multiple_centre_postal_areas; municipality_postal_areas_map_to_multiple_dsos Tariff note: Official 1.4.2026 3x25 A general-transfer values; VAT 25.5%, electricity tax separate. Matched."
"980","Ylöjärvi","kaupunki","unresolved","representative_postal_code_multiple_dso_matches; municipality_has_multiple_centre_postal_areas; municipality_postal_areas_map_to_multiple_dsos","33470","Ylöjärvi Keskus","3","Tampereen Energia Sähköverkko Oy","Tampereen Energia Sähköverkko Oy","exact_feed_name_to_snapshot_name","6.02","3.26","no","Yleissiirto / general-transfer (comparison basis)","","2026-05-04","2026-05-06","matched","yes","https://www.tampereensahkoverkko.fi/wp-content/uploads/sites/3/2026/03/taes_hinnasto_2026_hvm_01042026.pdf","https://www.sttinfo.fi/files/67340313/72011769/375325/fi","https://www.kuntaliitto.fi/kunnat/ylojarvi","https://geo.stat.fi/geoserver/postialue/wfs?service=WFS&version=2.0.0&request=GetFeature&typeNames=postialue:pno_2026&outputFormat=application/json&count=5000&propertyName=posti_alue,nimi,kunta,pinta_ala","https://ev-shv-prod-app-wa-consumerapi1.azurewebsites.net/api/getdsocollection","Elenia Oy; Koillis-Satakunnan Sähkö Oy; Leppäkoski Group Oy; Tampereen Energia Sähköverkko Oy","City mapping: representative_postal_code_multiple_dso_matches; municipality_has_multiple_centre_postal_areas; municipality_postal_areas_map_to_multiple_dsos Tariff note: Official 2026 tariff shows 3x25 A general values, VAT 25.5%; electricity tax separate. Matched."
"989","Ähtäri","kaupunki","unresolved","representative_postal_code_multiple_dso_matches; municipality_postal_areas_map_to_multiple_dsos","63700","Ähtäri Keskus","3","Elenia Oy","Elenia Verkko Oyj","curated_alias_to_snapshot_name","22.79","5.89","no","Yleissiirto / general-transfer (comparison basis)","","2026-05-04","2026-05-06","matched","yes","https://www.elenia.fi/files/3368404e95e6e87870c3efd831994c0a6bf8b693/elenia-pienasiakkaat-hinnasto-4-2026-www-a4-fi-v2.pdf","https://www.sttinfo.fi/files/67340313/72011769/375325/fi","https://www.kuntaliitto.fi/kunnat/ahtari","https://geo.stat.fi/geoserver/postialue/wfs?service=WFS&version=2.0.0&request=GetFeature&typeNames=postialue:pno_2026&outputFormat=application/json&count=5000&propertyName=posti_alue,nimi,kunta,pinta_ala","https://ev-shv-prod-app-wa-consumerapi1.azurewebsites.net/api/getdsocollection","Elenia Oy; Koillis-Satakunnan Sähkö Oy; Lehtimäen Sähkö Oy","City mapping: representative_postal_code_multiple_dso_matches; municipality_postal_areas_map_to_multiple_dsos Tariff note: 3x25 A grouped with smaller three-phase fuses; VAT 25.5%; electricity tax separate. Matched, 2026."
"989","Ähtäri","kaupunki","unresolved","representative_postal_code_multiple_dso_matches; municipality_postal_areas_map_to_multiple_dsos","63700","Ähtäri Keskus","3","Koillis-Satakunnan Sähkö Oy","Koillis-Satakunnan Sähkö Oy","exact_feed_name_to_snapshot_name","21.12","5.12","no","Yleissiirto / general-transfer (comparison basis)","","2026-05-04","2026-05-06","matched","yes","https://ksat.fi/wp-content/uploads/2025/11/Toimitushinnasto-verkkopalvelu-1.1.2026.pdf","https://www.sttinfo.fi/files/67340313/72011769/375325/fi","https://www.kuntaliitto.fi/kunnat/ahtari","https://geo.stat.fi/geoserver/postialue/wfs?service=WFS&version=2.0.0&request=GetFeature&typeNames=postialue:pno_2026&outputFormat=application/json&count=5000&propertyName=posti_alue,nimi,kunta,pinta_ala","https://ev-shv-prod-app-wa-consumerapi1.azurewebsites.net/api/getdsocollection","Elenia Oy; Koillis-Satakunnan Sähkö Oy; Lehtimäen Sähkö Oy","City mapping: representative_postal_code_multiple_dso_matches; municipality_postal_areas_map_to_multiple_dsos Tariff note: Official 1.1.2026 tariff, VAT 25.5%, matching 3x25/1x35 general product. Matched."
"989","Ähtäri","kaupunki","unresolved","representative_postal_code_multiple_dso_matches; municipality_postal_areas_map_to_multiple_dsos","63700","Ähtäri Keskus","3","Lehtimäen Sähkö Oy","Lehtimäen Sähkö Oy","exact_feed_name_to_snapshot_name","18.92","5.30","no","Yleissiirto / general-transfer (comparison basis)","","2026-05-04","2026-05-06","official_source_not_found","yes","https://www.lehtimaensahko.fi/palvelut/liittymis-ja-myyntiehdot/","https://www.sttinfo.fi/files/67340313/72011769/375325/fi","https://www.kuntaliitto.fi/kunnat/ahtari","https://geo.stat.fi/geoserver/postialue/wfs?service=WFS&version=2.0.0&request=GetFeature&typeNames=postialue:pno_2026&outputFormat=application/json&count=5000&propertyName=posti_alue,nimi,kunta,pinta_ala","https://ev-shv-prod-app-wa-consumerapi1.azurewebsites.net/api/getdsocollection","Elenia Oy; Koillis-Satakunnan Sähkö Oy; Lehtimäen Sähkö Oy","City mapping: representative_postal_code_multiple_dso_matches; municipality_postal_areas_map_to_multiple_dsos Tariff note: Official operator site located, but no public official 2026 tariff row was found in this pass. Official tariff not found."
"992","Äänekoski","kaupunki","unresolved","representative_postal_code_multiple_dso_matches; municipality_has_multiple_centre_postal_areas; municipality_postal_areas_map_to_multiple_dsos","44100","Äänekoski Keskus","3","Elenia Oy","Elenia Verkko Oyj","curated_alias_to_snapshot_name","22.79","5.89","no","Yleissiirto / general-transfer (comparison basis)","","2026-05-04","2026-05-06","matched","yes","https://www.elenia.fi/files/3368404e95e6e87870c3efd831994c0a6bf8b693/elenia-pienasiakkaat-hinnasto-4-2026-www-a4-fi-v2.pdf","https://www.sttinfo.fi/files/67340313/72011769/375325/fi","https://www.kuntaliitto.fi/kunnat/aanekoski","https://geo.stat.fi/geoserver/postialue/wfs?service=WFS&version=2.0.0&request=GetFeature&typeNames=postialue:pno_2026&outputFormat=application/json&count=5000&propertyName=posti_alue,nimi,kunta,pinta_ala","https://ev-shv-prod-app-wa-consumerapi1.azurewebsites.net/api/getdsocollection","Elenia Oy; Järvi-Suomen Energia Oy; Savon Voima Verkko Oy; Äänekosken Energia Oy","City mapping: representative_postal_code_multiple_dso_matches; municipality_has_multiple_centre_postal_areas; municipality_postal_areas_map_to_multiple_dsos Tariff note: 3x25 A grouped with smaller three-phase fuses; VAT 25.5%; electricity tax separate. Matched, 2026."
"992","Äänekoski","kaupunki","unresolved","representative_postal_code_multiple_dso_matches; municipality_has_multiple_centre_postal_areas; municipality_postal_areas_map_to_multiple_dsos","44100","Äänekoski Keskus","3","Savon Voima Verkko Oy","Savon Voima Verkko Oy","exact_feed_name_to_snapshot_name","36.80","5.20","no","Yleissiirto / general-transfer (comparison basis)","","2026-05-04","2026-05-06","matched","yes","https://savonvoima.fi/hinnastot-ja-sopimusehdot/verkkopalveluhinnasto/","https://www.sttinfo.fi/files/67340313/72011769/375325/fi","https://www.kuntaliitto.fi/kunnat/aanekoski","https://geo.stat.fi/geoserver/postialue/wfs?service=WFS&version=2.0.0&request=GetFeature&typeNames=postialue:pno_2026&outputFormat=application/json&count=5000&propertyName=posti_alue,nimi,kunta,pinta_ala","https://ev-shv-prod-app-wa-consumerapi1.azurewebsites.net/api/getdsocollection","Elenia Oy; Järvi-Suomen Energia Oy; Savon Voima Verkko Oy; Äänekosken Energia Oy","City mapping: representative_postal_code_multiple_dso_matches; municipality_has_multiple_centre_postal_areas; municipality_postal_areas_map_to_multiple_dsos Tariff note: Official tariff effective 1.6.2026 shows matching 3x25 A general values and tax separately. Matched."
"992","Äänekoski","kaupunki","unresolved","representative_postal_code_multiple_dso_matches; municipality_has_multiple_centre_postal_areas; municipality_postal_areas_map_to_multiple_dsos","44100","Äänekoski Keskus","3","Äänekosken Energia Oy","Äänekosken Energia Oy","exact_feed_name_to_snapshot_name","12.96","4.53","no","Yleissiirto / general-transfer (comparison basis)","","2026-05-04","2026-05-06","snapshot_later_tariff_differs","yes","https://www.aanekoskenenergia.fi/asiakaspalvelu/hinnasto/verkkopalvelu-ja-liittymat-hinnasto/","https://www.sttinfo.fi/files/67340313/72011769/375325/fi","https://www.kuntaliitto.fi/kunnat/aanekoski","https://geo.stat.fi/geoserver/postialue/wfs?service=WFS&version=2.0.0&request=GetFeature&typeNames=postialue:pno_2026&outputFormat=application/json&count=5000&propertyName=posti_alue,nimi,kunta,pinta_ala","https://ev-shv-prod-app-wa-consumerapi1.azurewebsites.net/api/getdsocollection","Elenia Oy; Järvi-Suomen Energia Oy; Savon Voima Verkko Oy; Äänekosken Energia Oy","City mapping: representative_postal_code_multiple_dso_matches; municipality_has_multiple_centre_postal_areas; municipality_postal_areas_map_to_multiple_dsos Tariff note: Snapshot values match the older tariff, but the official page currently shows a later 1.7.2026 tariff with different values. Snapshot retained; later tariff differs."
